platform,title,published by,developed by,released,genre,perspective,visual,art,gameplay,interface,userReviews,userReviewCount,averageUserReview,criticReviews,criticReviewCount,averageCriticReview
N64,007: The World Is Not Enough,"Electronic Arts, Inc.",Eurocom Developments Ltd,"Oct 17, 2000",Action,1st-person,,,Shooter,,[3.57],1,3.57,"[98.0, 92.0, 90.0, 86.0, 86.0, 85.0, 80.0, 75.0, 60.0, 54.0]",10,80.6
N64,1080° Snowboarding,Nintendo of America Inc.,Nintendo EAD,"Apr 01, 1998",Sports,"1st-person, Behind view",,,,,[4.0],1,4.0,"[100.0, 95.0, 95.0, 94.0, 90.0, 89.0, 89.0, 83.0, 80.0, 70.0]",10,88.5
N64,40 Winks,Piko Interactive LLC,Eurocom Developments Ltd,"May, 2019",Action,Behind view,,,Platform,,,0,,"[86.0, 80.0, 80.0, 72.0]",4,79.5
N64,64 Ōzumō,Bottom Up Interactive,Bottom Up Interactive,"Nov 28, 1997",Sports,Side view,,Anime / Manga,Fighting,,,0,,"[90.0, 65.0, 50.0, 39.0]",4,61.0
N64,AeroFighters Assault,"Video System U.S.A., Inc.",Paradigm Entertainment Inc.,"Nov 01, 1997","Action, Simulation",Behind view,,,Shooter,,,0,,"[70.0, 70.0, 60.0, 54.0, 53.0, 50.0, 41.0, 40.0, 20.0, 20.0]",10,47.8
N64,AeroGauge,"ASCII Entertainment Software, Inc.",Locomotive,"Apr 01, 1998","Action, Racing / Driving",Behind view,,,,,,0,,"[89.0, 78.0, 65.0, 55.0, 55.0, 50.0, 45.0, 40.0, 30.0, 20.0]",10,52.7
N64,Aidyn Chronicles: The First Mage,THQ Inc.,H2O Entertainment Ltd.,"Mar 21, 2000",Role-playing (RPG),Behind view,,,,,,0,,"[74.0, 64.0, 60.0, 60.0, 59.0, 55.0, 42.0, 40.0, 40.0]",9,54.888888888888886
N64,Air Boarder 64,GAGA Communications Inc.,"Human Entertainment, Inc.",1998,"Action, Sports",Behind view,,,Tricks / stunts,,,0,,"[89.0, 83.0, 69.0, 45.0, 31.0, 30.0, 20.0]",7,52.42857142857143
N64,All-Star Baseball 2000,"Acclaim Entertainment, Inc.",Iguana Entertainment Incorporated,"Apr 07, 1999",Sports,,,,,,,0,,"[93.0, 91.0, 91.0, 89.0, 89.0, 89.0, 82.0, 80.0, 78.0, 58.0]",10,84.0
N64,All-Star Baseball 2001,"Acclaim Entertainment, Inc.","High Voltage Software, Inc.","Mar 31, 2000",Sports,3rd-person (Other),,,,,,0,,"[100.0, 92.0, 91.0, 91.0, 90.0, 90.0, 90.0, 89.0, 78.0, 58.0]",10,86.9
N64,All-Star Baseball 99,"Acclaim Entertainment, Inc.",Iguana Entertainment Incorporated,1998,Sports,"Behind view, Diagonal-down",,,,,,0,,"[95.0, 92.0, 88.0, 85.0, 84.0, 83.0, 83.0, 82.0, 81.0, 80.0]",10,85.3
N64,All Star Tennis '99,Ubi Soft Entertainment Software,Smart Dog,"Jan 26, 1999",Sports,"Behind view, Diagonal-down",,,,,,0,,"[89.0, 82.0, 80.0, 80.0, 72.0, 70.0, 63.0, 60.0, 33.0, 25.0]",10,65.4
N64,Armorines: Project S.W.A.R.M.,"Acclaim Entertainment, Inc.",Acclaim Studios Limited,"Dec 02, 1999",Action,1st-person,,,Shooter,,[3.0],1,3.0,"[83.0, 80.0, 77.0, 65.0, 60.0, 58.0, 55.0, 54.0, 45.0, 42.0]",10,61.9
N64,Army Men: Air Attack,"3DO Company, The","3DO Company, The","Jul 01, 2000",Action,,,,Shooter,,[3.0],1,3.0,"[100.0, 80.0, 79.0, 78.0, 76.0, 75.0, 75.0, 72.0, 70.0]",9,78.33333333333333
N64,Army Men: Sarge's Heroes,"3DO Company, The","3DO Company, The","Sep 30, 1999",Action,Behind view,,,Shooter,,[3.0],1,3.0,"[83.0, 70.0, 69.0, 60.0, 60.0, 60.0, 56.0, 42.0, 25.0, 0.0]",10,52.5
N64,Army Men: Sarge's Heroes 2,"3DO Company, The","3DO Company, The","Sep 27, 2000",Action,3rd-person (Other),,,Shooter,,[1.0],1,1.0,"[71.0, 70.0, 55.0, 50.0, 50.0, 50.0, 46.0, 40.0]",8,54.0
N64,Asteroids Hyper 64,"Crave Entertainment, Inc.","Syrox Developments, Ltd.","Dec 01, 1999",Action,Top-down,Fixed / flip-screen,,"Arcade, Shooter",,[2.5],1,2.5,"[80.0, 71.0, 63.0, 61.0, 50.0, 50.0, 47.0, 40.0, 25.0, 22.0]",10,50.9
N64,automobili Lamborghini,Titus France SA,Titus France SA,"Nov 30, 1997",Racing / Driving,Behind view,,,,,,0,,"[90.0, 90.0, 84.0, 73.0, 73.0, 70.0, 70.0, 60.0, 55.0, 40.0]",10,70.5
N64,Bakushō Jinsei 64: Mezase! Resort Ō,Taito Corporation,Taito Corporation,"Dec 24, 1998",Strategy,3rd-person (Other),,,Board game,,,0,,[25.0],1,25.0
N64,Bangai-O,ESP,"Treasure Co., Ltd.",2000,Action,Side view,,Anime / Manga,"Arcade, Shooter",,,0,,"[80.0, 78.0, 78.0, 75.0, 75.0, 67.0]",6,75.5
N64,Banjo-Kazooie,Nintendo of America Inc.,Rare Limited,"May 31, 1998",Action,3rd-person (Other),,,"Platform, Puzzle elements",,"[3.83, 4.33, 5.0, 4.67, 3.5]",5,4.266,"[95.0, 94.0, 92.0, 92.0, 90.0, 83.0, 80.0, 80.0, 80.0, 72.0]",10,85.8
N64,Banjo-Tooie,Nintendo of America Inc.,Rare Limited,"Nov 20, 2000",Action,Behind view,,,"Metroidvania, Platform, Puzzle elements",,"[4.83, 5.0, 4.5]",3,4.776666666666666,"[100.0, 99.0, 96.0, 93.0, 92.0, 90.0, 90.0, 90.0, 80.0, 60.0]",10,89.0
N64,BassMasters 2000,THQ Inc.,"Mass Media, Inc.","Dec 16, 1999",Simulation,"1st-person, 3rd-person (Other)",,,,,,0,,"[79.0, 75.0, 72.0, 60.0, 60.0, 50.0, 31.0]",7,61.0
N64,Batman Beyond: Return of the Joker,Ubi Soft Entertainment Software,Kemco,"Dec 01, 2000",Action,Side view,,,Beat 'em up / brawler,,[0.4],1,0.4,"[50.0, 50.0, 30.0, 24.0, 23.0, 20.0, 20.0, 10.0, 0.0]",9,25.22222222222222
N64,BattleTanx,"3DO Company, The","3DO Company, The","Dec 29, 1998",Action,"1st-person, Behind view",,,Shooter,,,0,,"[100.0, 90.0, 81.0, 80.0, 77.0, 75.0, 70.0, 60.0, 55.0, 40.0]",10,72.8
N64,BattleTanx: Global Assault,"3DO Company, The","3DO Company, The","Oct 12, 1999",Action,"1st-person, Behind view",,,Shooter,,,0,,"[90.0, 83.0, 80.0, 80.0, 80.0, 77.0, 75.0, 70.0, 67.0, 30.0]",10,73.2
N64,Battlezone: Rise of the Black Dogs,"Crave Entertainment, Inc.",Climax,"Mar 01, 2000","Action, Strategy",1st-person,,,"Managerial / business simulation, Shooter",,,0,,"[80.0, 65.0, 62.0, 62.0, 60.0, 50.0, 50.0, 45.0, 39.0, 32.0]",10,54.5
N64,Beetle Adventure Racing!,"Electronic Arts, Inc.","Electronic Arts Canada, Paradigm Entertainment Inc.","Mar 24, 1999","Action, Racing / Driving",Behind view,,,,,,0,,"[100.0, 92.0, 92.0, 92.0, 90.0, 85.0, 85.0, 80.0, 79.0, 70.0]",10,86.5
N64,Big Mountain 2000,SouthPeak Interactive LLC,"Natsume Co., Ltd.","Oct, 2000",Sports,Behind view,,,,,,0,,"[77.0, 75.0, 75.0, 70.0, 60.0, 59.0, 58.0, 54.0, 50.0, 40.0]",10,61.8
N64,Bio Freaks,"Midway Home Entertainment, Inc.","Saffire, Inc","May, 1998",Action,Side view,2D scrolling,,"Arcade, Fighting",,[2.6],1,2.6,"[90.0, 86.0, 82.0, 82.0, 81.0, 78.0, 67.0, 62.0, 56.0, 25.0]",10,70.9
N64,Blast Corps,Nintendo of America Inc.,Rare Limited,"Mar 31, 1997","Action, Racing / Driving",3rd-person (Other),,,Puzzle elements,,"[3.6, 4.2, 3.2]",3,3.6666666666666665,"[100.0, 98.0, 90.0, 90.0, 90.0, 90.0, 88.0, 88.0, 80.0, 80.0]",10,89.4
N64,Blues Brothers 2000,Titus France SA,Player 1,"Nov, 2000",Action,3rd-person (Other),,,"Music / rhythm, Platform",,,0,,"[80.0, 73.0, 72.0, 70.0, 69.0, 62.0, 58.0, 54.0, 44.0, 14.0]",10,59.6
N64,Body Harvest,"Midway Home Entertainment, Inc.",DMA Design Limited,"Oct 20, 1998","Action, Racing / Driving",Behind view,,,,,"[3.67, 4.33]",2,4.0,"[90.0, 90.0, 90.0, 86.0, 83.0, 80.0, 78.0, 70.0, 60.0, 33.0]",10,76.0
N64,Bomberman 64,Nintendo of America Inc.,"Hudson Soft Company, Ltd.","Dec 01, 1997",Action,Diagonal-down,2D scrolling,Anime / Manga,"Arcade, Platform",,"[1.0, 3.17]",2,2.085,"[90.0, 90.0, 85.0, 82.0, 81.0, 80.0, 75.0, 70.0, 60.0, 48.0]",10,76.1
N64,Bomberman 64: The Second Attack,Vatical Entertainment LLC,"Hudson Soft Company, Ltd.","May, 2000",Action,Diagonal-down,,,Puzzle elements,,,0,,"[80.0, 79.0, 75.0, 75.0, 73.0, 60.0]",6,73.66666666666667
N64,Bomberman Hero,Nintendo of America Inc.,"Hudson Soft Company, Ltd.","Aug 31, 1998",Action,Diagonal-down,,,"Platform, Puzzle elements",,,0,,"[89.0, 89.0, 87.0, 81.0, 81.0, 74.0, 60.0, 60.0, 50.0, 49.0]",10,72.0
N64,Bottom of the 9th,"Konami of America, Inc.","Konami Computer Entertainment Chicago, Inc.","Apr 14, 1999",Sports,Diagonal-down,2D scrolling,,,,,0,,"[75.0, 70.0, 69.0, 69.0, 40.0, 40.0]",6,60.5
N64,Brunswick Circuit Pro Bowling,THQ Inc.,"Point of View, Inc.","Sep 30, 1998",Sports,Behind view,,,,,,0,,"[85.0, 79.0, 73.0, 25.0]",4,65.5
N64,Buck Bumble,Ubi Soft Entertainment Software,Argonaut Software Ltd.,"Nov 20, 1998",Action,Behind view,,,Shooter,,,0,,"[95.0, 90.0, 88.0, 84.0, 82.0, 79.0, 76.0, 70.0, 52.0, 50.0]",10,76.6
N64,Bust-A-Move 3,"Acclaim Entertainment, Inc.",Taito Corporation,"Apr, 1999",Puzzle,Side view,Fixed / flip-screen,,"Arcade, Tile matching puzzle",,,0,,"[90.0, 88.0, 86.0, 85.0, 75.0, 70.0, 69.0, 69.0, 69.0, 30.0]",10,73.1
N64,Bust-A-Move Again,"Acclaim Entertainment, Inc.",Acclaim Studios Limited,"May 20, 1998",Puzzle,Side view,Fixed / flip-screen,,"Arcade, Tile matching puzzle",,,0,,"[90.0, 88.0, 87.0, 86.0, 81.0, 80.0, 80.0, 80.0, 71.0, 65.0]",10,80.8
N64,California Speed,"Midway Home Entertainment, Inc.",Atari Games Corporation,"Mar 16, 1999",Racing / Driving,Behind view,,,,,,0,,"[66.0, 58.0, 57.0, 50.0, 50.0, 46.0, 42.0, 25.0]",8,49.25
N64,Carmageddon 2: Carpocalypse Now,Titus France SA,Software Creations Ltd.,"Jul 25, 2000","Action, Racing / Driving","1st-person, Behind view",,,,,,0,,"[70.0, 70.0, 49.0, 29.0, 25.0, 21.0, 20.0, 13.0, 4.0, 0.0]",10,30.1
N64,Castlevania,"Konami of America, Inc.","Konami Computer Entertainment Kobe, Inc.","Jan 27, 1999",Action,Behind view,,,"Platform, Puzzle elements",,"[2.6, 2.4]",2,2.5,"[90.0, 86.0, 84.0, 82.0, 82.0, 80.0, 79.0, 74.0, 50.0, 42.0]",10,74.9
N64,Castlevania: Legacy of Darkness,"Konami of America, Inc.","Konami Computer Entertainment Kobe, Inc.","Dec 01, 1999",Action,Behind view,,,"Platform, Puzzle elements",,[2.2],1,2.2,"[95.0, 75.0, 75.0, 75.0, 73.0, 71.0, 70.0, 67.0, 65.0, 60.0]",10,72.6
N64,Centre Court Tennis,"Hudson Soft Company, Ltd.","Hudson Soft Company, Ltd.","Oct 09, 1998",Sports,Behind view,,,,,,0,,"[89.0, 87.0, 82.0, 80.0, 79.0, 72.0, 60.0, 52.0]",8,75.125
N64,Chameleon Twist,Sun Corporation,Japan System Supply,"Dec 06, 1997",Action,3rd-person (Other),,,Platform,,[2.0],1,2.0,"[78.0, 75.0, 73.0, 70.0, 64.0, 60.0, 58.0, 51.0, 50.0, 45.0]",10,62.4
N64,Chameleon Twist 2,Sun Corporation,Japan System Supply,"Apr 14, 1999",Action,3rd-person (Other),,,Platform,,[2.5],1,2.5,"[81.0, 66.0, 61.0, 61.0, 60.0, 60.0, 50.0, 50.0, 40.0, 40.0]",10,56.9
N64,Charlie Blast's Territory,"Kemco U.S.A., Inc.","Realtime Associates, Inc.",1999,Puzzle,Diagonal-down,,,,,,0,,"[82.0, 81.0, 80.0, 78.0, 69.0, 69.0, 67.0, 63.0, 48.0, 40.0]",10,67.7
N64,Chōkūkan Night: Pro Yakyū King,"Imagineer Co., Ltd.","Genki Co., Ltd.","Dec 20, 1996",Sports,3rd-person (Other),,,,,,0,,[75.0],1,75.0
N64,Chopper Attack,"Midway Home Entertainment, Inc.",SETA Corporation,"Jun, 1998",Action,Behind view,,,,,,0,,"[89.0, 85.0, 80.0, 79.0, 78.0, 74.0, 66.0, 56.0, 43.0, 25.0]",10,67.5
N64,Clay Fighter 63 1/3,Interplay Entertainment Corp.,Interplay Entertainment Corp.,"Oct 21, 1997",Action,Side view,2D scrolling,,Fighting,,[4.5],1,4.5,"[80.0, 76.0, 72.0, 72.0, 68.0, 50.0, 40.0, 37.0, 30.0, 13.0]",10,53.8
N64,Clay Fighter: Sculptor's Cut,Interplay Entertainment Corp.,Interplay Entertainment Corp.,1998,Action,Side view,2D scrolling,,Fighting,,,0,,"[50.0, 30.0, 18.0]",3,32.666666666666664
N64,Command & Conquer,Nintendo of America Inc.,"Looking Glass Studios, Inc., Westwood Studios, Inc.","Jun 29, 1999",Strategy,Diagonal-down,Free-roaming camera,,Real-time strategy,,,0,,"[91.0, 85.0, 84.0, 80.0, 76.0, 75.0, 72.0, 70.0, 70.0, 50.0]",10,75.3
N64,Conker's Bad Fur Day,Rareware Limited,Rare Limited,"Mar 05, 2001",Action,Diagonal-down,,,"Platform, Puzzle elements, Shooter",,"[5.0, 5.0, 5.0, 4.0, 1.4]",5,4.08,"[100.0, 99.0, 97.0, 97.0, 95.0, 93.0, 92.0, 90.0, 90.0, 50.0]",10,90.3
N64,Cruis'n Exotica,"Midway Home Entertainment, Inc.","Midway Games, Inc.","Oct 17, 2000",Racing / Driving,Behind view,,,Arcade,,[3.6],1,3.6,"[70.0, 67.0, 60.0, 58.0, 57.0, 55.0, 25.0]",7,56.0
N64,Cruis'n USA,Nintendo of America Inc.,Midway Manufacturing Company,"Oct 31, 1996","Action, Racing / Driving","1st-person, Behind view",,,,,[2.8],1,2.8,"[72.0, 70.0, 67.0, 61.0, 60.0, 55.0, 52.0, 50.0, 49.0, 40.0]",10,57.6
N64,Cruis'n World,Nintendo of America Inc.,"Midway Games, Inc.","Jun, 1997","Racing / Driving, Simulation","1st-person, Behind view",,,,,,0,,"[83.0, 75.0, 70.0, 70.0, 70.0, 65.0, 64.0, 60.0, 55.0, 42.0]",10,65.4
N64,Custom Robo V2,"Nintendo Co., Ltd.","Noise, Inc.","Nov 10, 2000","Action, Role-playing (RPG)",Diagonal-down,,,Fighting,,,0,,[83.0],1,83.0
N64,CyberTiger,"Electronic Arts, Inc.","Saffire, Inc","Mar 08, 2000","Action, Sports",,,,,,,0,,"[84.0, 75.0, 75.0, 75.0, 72.0, 69.0, 68.0, 50.0, 50.0, 38.0]",10,65.6
N64,Dance Dance Revolution: Disney Dancing Museum,Konami Corporation,"Konami Computer Entertainment Kobe, Inc.","Nov 30, 2000",Action,3rd-person (Other),,,Music / rhythm,,,0,,[87.0],1,87.0
N64,Dark Rift,"Vic Tokai, Inc.",Kronos Digital Entertainment,"Jul 10, 1997",Action,Side view,2D scrolling,,Fighting,,[4.25],1,4.25,"[80.0, 74.0, 63.0, 60.0, 60.0, 56.0, 54.0, 50.0, 30.0, 20.0]",10,54.7
N64,Deadly Arts,"Konami of America, Inc.","Konami Computer Entertainment Osaka Co., Ltd.","Sep 29, 1998",Action,"3rd-person (Other), Side view",,,Fighting,,,0,,"[81.0, 68.0, 62.0, 62.0, 60.0, 55.0, 55.0, 34.0, 33.0, 30.0]",10,54.0
N64,Derby Stallion 64,"Media Factory, Inc.",ParityBit,"Aug 10, 2001","Simulation, Sports",,,,Managerial / business simulation,,,0,,,0,
N64,Destruction Derby 64,THQ Inc.,"Looking Glass Studios, Inc.","Oct 02, 1999",Racing / Driving,"1st-person, Behind view",,,,,,0,,"[83.0, 80.0, 77.0, 77.0, 69.0, 69.0, 68.0, 67.0, 65.0, 25.0]",10,68.0
N64,Dezaemon 3D,"Athena Co., Ltd.","Athena Co., Ltd.","Jun 26, 1998",Action,"3rd-person (Other), Side view, Top-down",Isometric,,"Arcade, Shooter",,,0,,[80.0],1,80.0
N64,Diddy Kong Racing,Nintendo of America Inc.,Rare Limited,"Oct 31, 1997",Racing / Driving,"1st-person, Behind view",,,Arcade,,"[4.75, 4.75, 3.75]",3,4.416666666666667,"[100.0, 100.0, 95.0, 95.0, 90.0, 90.0, 85.0, 83.0, 80.0, 80.0]",10,89.8
N64,Disney•Pixar A Bug's Life,"Activision, Inc., Activision, Inc.",Traveller's Tales (UK) Ltd.,"May 26, 1999",Action,Behind view,,,Platform,,,0,,"[75.0, 70.0, 68.0, 65.0, 63.0, 61.0, 60.0, 55.0, 50.0, 33.0]",10,60.0
N64,Disney•Pixar Toy Story 2: Buzz Lightyear to the Rescue!,"Activision, Inc.",Traveller's Tales (UK) Ltd.,"Nov 17, 1999",Action,"1st-person, 3rd-person (Other), Behind view",Cinematic camera,,Platform,,,0,,"[88.0, 80.0, 70.0, 70.0, 70.0, 70.0, 65.0, 60.0, 58.0, 25.0]",10,65.6
N64,Disney's Donald Duck: Goin' Quackers,Ubi Soft Entertainment Software,Ubi Soft SARL,"Dec 13, 2000",Action,Side view,2D scrolling,,Platform,,[1.8],1,1.8,"[80.0, 80.0, 78.0, 70.0, 70.0, 65.0, 64.0, 60.0, 59.0, 50.0]",10,67.6
N64,Disney's Tarzan,"Activision, Inc.",Eurocom Developments Ltd,"Feb 14, 2000",Action,Side view,2D scrolling,,Platform,,,0,,"[85.0, 85.0, 82.0, 78.0, 78.0, 75.0, 70.0, 70.0, 69.0, 50.0]",10,74.2
N64,Dōbutsu no Mori,"Nintendo Co., Ltd.",Nintendo EAD,"Apr 14, 2001",Simulation,Diagonal-down,,,Life / social simulation,,,0,,[86.0],1,86.0
N64,Donkey Kong 64,Nintendo of America Inc.,Rare Limited,"Nov 22, 1999",Action,Behind view,,,"Platform, Puzzle elements",,[4.2],1,4.2,"[100.0, 100.0, 98.0, 93.0, 92.0, 90.0, 90.0, 88.0, 84.0, 70.0]",10,90.5
N64,Donkey Kong 64 Set,Nintendo of America Inc.,,"Nov 22, 1999",Special edition,,,,,,,0,,,0,
N64,DOOM 64,"Midway Home Entertainment, Inc.","Midway Home Entertainment, Inc.","Apr 04, 1997",Action,1st-person,,,Shooter,,"[4.0, 5.0]",2,4.5,"[93.0, 92.0, 85.0, 84.0, 80.0, 80.0, 80.0, 77.0, 75.0, 60.0]",10,80.6
N64,Doraemon: Nobita to 3-tsu no Seireiseki,"Epoch Co., Ltd.","Epoch Co., Ltd.","Mar 21, 1997",Action,3rd-person (Other),,,,,,0,,"[82.0, 75.0, 75.0, 50.0, 50.0, 45.0, 20.0]",7,56.714285714285715
N64,Dr. Mario 64,Nintendo of America Inc.,"Newcom Co., Ltd.","Apr 09, 2001",Puzzle,Side view,Fixed / flip-screen,,"Falling block puzzle, Tile matching puzzle",,[2.75],1,2.75,"[99.0, 91.0, 85.0, 82.0, 70.0, 70.0, 60.0, 60.0, 50.0, 40.0]",10,70.7
N64,Dual Heroes,Electro Brain Corp.,"Produce Co., Ltd.","Nov 05, 1998",Action,Side view,2D scrolling,Anime / Manga,Fighting,,"[2.0, 2.5]",2,2.25,"[66.0, 65.0, 60.0, 37.0, 29.0, 28.0, 28.0, 20.0, 14.0]",9,38.55555555555556
N64,Duke Nukem 64,GT Interactive Software Corp.,"3D Realms Entertainment, Inc., Eurocom Developments Ltd","Nov 16, 1997",Action,1st-person,,,Shooter,,[3.0],1,3.0,"[95.0, 91.0, 90.0, 88.0, 86.0, 85.0, 80.0, 80.0, 73.0, 64.0]",10,83.2
N64,Duke Nukem: Zero Hour,GT Interactive Software Corp.,Eurocom Developments Ltd,"Sep 01, 1999",Action,"1st-person, Behind view",,,Shooter,,,0,,"[90.0, 87.0, 80.0, 80.0, 79.0, 79.0, 70.0, 67.0, 60.0, 50.0]",10,74.2
N64,Earthworm Jim 3D,"Rockstar Games, Inc.",VIS Entertainment Limited,"Oct 28, 1999",Action,Behind view,,,,,,0,,"[82.0, 80.0, 80.0, 75.0, 75.0, 74.0, 70.0, 62.0, 55.0, 50.0]",10,70.3
N64,ECW Hardcore Revolution,"Acclaim Entertainment, Inc.",Acclaim Studios Salt Lake City,"Feb 17, 2000",Sports,3rd-person (Other),,,,,[1.17],1,1.17,"[82.0, 81.0, 80.0, 79.0, 66.0, 60.0, 50.0, 42.0, 25.0, 0.0]",10,56.5
N64,Excitebike 64,Nintendo of America Inc.,"Left Field Productions, Inc.","May 02, 2000",Racing / Driving,"3rd-person (Other), Behind view",,,,,,0,,"[94.0, 93.0, 92.0, 89.0, 89.0, 80.0, 80.0, 80.0, 78.0, 74.0]",10,84.9
N64,Extreme-G,"Acclaim Entertainment, Inc.",Probe Entertainment Ltd.,"Oct 25, 1997","Action, Racing / Driving","1st-person, Behind view",,,,,[4.0],1,4.0,"[99.0, 97.0, 90.0, 90.0, 90.0, 85.0, 75.0, 65.0, 60.0, 60.0]",10,81.1
N64,Extreme-G: XG2,"Acclaim Entertainment, Inc.",Probe Entertainment Ltd.,"Nov 17, 1998",Racing / Driving,"1st-person, Behind view",,,Shooter,,,0,,"[88.0, 85.0, 84.0, 80.0, 77.0, 70.0, 70.0, 67.0, 67.0, 40.0]",10,72.8
N64,F1 Pole Position 64,"Ubi Soft Entertainment, Inc.","Human Entertainment, Inc.","Oct 15, 1997","Racing / Driving, Simulation","1st-person, 3rd-person (Other)",,,,,,0,,"[88.0, 87.0, 81.0, 78.0, 70.0, 68.0, 65.0, 60.0, 41.0, 40.0]",10,67.8
N64,F1 Racing Championship,"Video System Co., Ltd.",Ubi Soft Paris Studios,"Dec, 2000","Racing / Driving, Sports","1st-person, Behind view",,,,,,0,,"[91.0, 85.0, 85.0, 79.0, 77.0, 75.0, 73.0]",7,80.71428571428571
N64,F-1 World Grand Prix,"Video System Co., Ltd.",Paradigm Entertainment Inc.,"Jul 31, 1998","Racing / Driving, Simulation","1st-person, Behind view",,,,,,0,,"[93.0, 92.0, 85.0, 83.0, 81.0, 80.0, 79.0, 67.0, 60.0, 40.0]",10,76.0
N64,F-1 World Grand Prix II,"Video System Co., Ltd.",Paradigm Entertainment Inc.,1999,"Racing / Driving, Simulation","1st-person, 3rd-person (Other)",,,,,,0,,"[94.0, 93.0, 90.0, 85.0, 85.0, 83.0, 77.0, 75.0, 60.0, 50.0]",10,79.2
N64,Famista 64,Namco Limited,Namco Limited,"Nov 28, 1997",Sports,"Behind view, Diagonal-down",,,,,,0,,"[70.0, 40.0]",2,55.0
N64,FIFA 99,"Electronic Arts, Inc.",Electronic Arts Canada,"Dec 08, 1998",Sports,Diagonal-down,2D scrolling,,,,,0,,"[100.0, 94.0, 93.0, 90.0, 89.0, 88.0, 86.0, 82.0, 80.0, 65.0]",10,86.7
N64,FIFA: Road to World Cup 98,"Electronic Arts, Inc.",Electronic Arts Canada,"Dec 20, 1997",Sports,Diagonal-down,2D scrolling,,,,,0,,"[93.0, 93.0, 86.0, 85.0, 85.0, 85.0, 81.0, 77.0, 75.0, 40.0]",10,80.0
N64,FIFA Soccer 64,"Electronic Arts, Inc.",Extended Play Productions,"Mar 31, 1997",Sports,Diagonal-down,2D scrolling,,,,,0,,"[85.0, 66.0, 62.0, 60.0, 52.0, 50.0, 40.0, 40.0, 29.0, 20.0]",10,50.4
N64,Fighter Destiny 2,SouthPeak Interactive LLC,"Genki Co., Ltd., Opus Corp.","Jun, 2000",Action,,,,Fighting,,,0,,"[85.0, 80.0, 80.0, 70.0, 70.0, 60.0, 60.0, 50.0, 40.0, 25.0]",10,62.0
N64,Fighters Destiny,"Ocean of America, Inc.","Anchor, Inc., Genki Co., Ltd., Opus Corp.","Jan 27, 1998",Action,Side view,,,Fighting,,[3.5],1,3.5,"[100.0, 95.0, 92.0, 85.0, 80.0, 80.0, 78.0, 60.0, 60.0, 10.0]",10,74.0
N64,Fighting Force,"Crave Entertainment, Inc.",Core Design Ltd.,"Apr 30, 1999",Action,3rd-person (Other),,,Beat 'em up / brawler,,,0,,"[80.0, 80.0, 75.0, 71.0, 70.0, 67.0, 60.0, 30.0, 30.0, 25.0]",10,58.8
N64,Flappy Bird,,,"Jun, 2017",Action,Side view,2D scrolling,,Arcade,,,0,,,0,
N64,Flying Dragon,"Natsume, Inc.",Culture Brain Inc.,"Jul 31, 1998",Action,3rd-person (Other),,,Fighting,,,0,,"[87.0, 83.0, 66.0, 62.0, 60.0, 55.0, 55.0, 50.0, 40.0, 30.0]",10,58.8
N64,Forsaken 64,"Acclaim Entertainment, Inc.",Iguana UK,"May 27, 1998",Action,1st-person,,,Shooter,,[2.6],1,2.6,"[93.0, 92.0, 90.0, 85.0, 85.0, 85.0, 83.0, 80.0, 79.0, 75.0]",10,84.7
N64,Fox Sports College Hoops '99,"Fox Interactive, Inc.","Z-Axis, Ltd.","Nov 23, 1998",Sports,3rd-person (Other),,,,,,0,,"[63.0, 60.0, 50.0, 43.0, 36.0, 25.0]",6,46.166666666666664
N64,Fushigi no Dungeon: Fūrai no Shiren 2: Oni Shūrai! Shiren-jō!,"Nintendo Co., Ltd.","Chunsoft Co., Ltd.","Sep 27, 2000","Role-playing (RPG), Strategy",Diagonal-down,,Anime / Manga,"Japanese-style RPG (JRPG), Turn-based strategy",,,0,,,0,
N64,F-Zero X,Nintendo of America Inc.,Nintendo EAD,"Oct 26, 1998",Racing / Driving,Behind view,,Anime / Manga,,,,0,,"[100.0, 96.0, 90.0, 90.0, 90.0, 84.0, 83.0, 80.0, 80.0, 75.0]",10,86.8
N64,F-Zero X: Expansion Kit,"RandnetDD Co., Ltd.",Nintendo EAD,"Apr 21, 2000",DLC / Add-on,,,,,,,0,,"[100.0, 84.0]",2,92.0
N64,Gauntlet: Legends,"Midway Home Entertainment, Inc.",Atari Games Corporation,"Aug 31, 1999",Action,Diagonal-down,Isometric,,"Arcade, Puzzle elements",,,0,,"[92.0, 80.0, 77.0, 75.0, 74.0, 74.0, 70.0, 70.0, 65.0, 43.0]",10,72.0
N64,Getter Love!! Panda Love Unit,"Hudson Soft Company, Ltd.","Hudson Soft Company, Ltd.","Dec 04, 1998",Simulation,,Isometric,Anime / Manga,Board game,,,0,,,0,
N64,Gex 3: Deep Cover Gecko,"Crave Entertainment, Inc.","Crystal Dynamics, Inc.","Sep 29, 1999",Action,"1st-person, 3rd-person (Other)",,,"Platform, Puzzle elements",,,0,,"[90.0, 86.0, 82.0, 81.0, 76.0, 75.0, 75.0, 74.0, 70.0, 67.0]",10,77.6
N64,Gex: Enter the Gecko,"Midway Home Entertainment, Inc.","Crystal Dynamics, Inc.","Aug 29, 1998",Action,Behind view,,,Platform,,,0,,"[90.0, 84.0, 83.0, 75.0, 75.0, 75.0, 70.0, 70.0, 57.0, 40.0]",10,71.9
N64,Glover,"Hasbro Interactive, Inc.",Interactive Studios Ltd.,"Nov 04, 1998",Action,3rd-person (Other),,,"Platform, Puzzle elements",,,0,,"[85.0, 85.0, 81.0, 80.0, 78.0, 78.0, 75.0, 63.0, 63.0, 20.0]",10,70.8
N64,Goemon: Mononoke Sugoroku,"Konami Co., Ltd.","Konami Computer Entertainment Kobe, Inc.",1999,Strategy,,Isometric,Anime / Manga,Trading / collectible card,,,0,,,0,
N64,Goemon's Great Adventure,"Konami of America, Inc.","Konami Computer Entertainment Osaka Co., Ltd.","Sep 22, 1999",Action,Side view,2D scrolling,Anime / Manga,"Platform, Puzzle elements",,,0,,"[93.0, 92.0, 92.0, 80.0, 79.0, 77.0, 75.0, 70.0, 60.0, 35.0]",10,75.3
N64,GoldenEye 007,Nintendo of America Inc.,Rare Limited,"Aug 25, 1997",Action,1st-person,,,Shooter,,"[5.0, 5.0, 4.83, 4.83, 4.33, 4.5, 5.0, 1.5, 5.0]",9,4.443333333333333,"[100.0, 100.0, 100.0, 98.0, 95.0, 94.0, 94.0, 90.0, 86.0, 85.0]",10,94.2
N64,Golden Nugget 64,"Electronic Arts, Inc.",Westwood Pacific,"Dec, 1998",Gambling,"1st-person, Top-down",,,"Board game, Cards / tiles",,,0,,"[78.0, 75.0, 75.0, 71.0, 62.0, 30.0]",6,65.16666666666667
N64,GT 64: Championship Edition,Ocean Software Ltd.,"Media Design & Art, Ltd.","Sep, 1998","Racing / Driving, Simulation","1st-person, Behind view",,,,,[0.8],1,0.8,"[79.0, 71.0, 71.0, 70.0, 67.0, 65.0, 53.0, 50.0, 40.0, 39.0]",10,60.5
N64,Harukanaru Augusta Masters '98,"T&E Soft, Inc.","T&E Soft, Inc.","Dec 26, 1997",Sports,,,,,,,0,,[25.0],1,25.0
N64,Harvest Moon 64,"Natsume, Inc.","Pack-In-Video Co., Ltd","Dec 22, 1999",Simulation,Diagonal-down,Isometric,,Managerial / business simulation,,[3.0],1,3.0,"[100.0, 91.0, 85.0, 82.0, 82.0, 80.0, 80.0, 73.0, 73.0, 62.0]",10,80.8
N64,Hercules: The Legendary Journeys,Titus Software Corporation,Player 1,"Nov 17, 2000",Action,Behind view,,,Puzzle elements,,,0,,"[70.0, 68.0, 65.0, 63.0, 56.0, 55.0, 52.0, 48.0, 30.0, 25.0]",10,53.2
N64,Hexen: Beyond Heretic,"id Software, Inc.","Beam Software Pty., Ltd.","May 31, 1997",Action,1st-person,,,Shooter,,,0,,"[100.0, 88.0, 84.0, 76.0, 65.0, 50.0, 50.0, 49.0, 48.0, 40.0]",10,65.0
N64,"Hey You, Pikachu!",Nintendo of America Inc.,Ambrella,"Nov 05, 2000",Action,1st-person,,Anime / Manga,Puzzle elements,,,0,,"[83.0, 75.0, 50.0, 43.0, 42.0, 40.0, 33.0, 30.0, 20.0, 0.0]",10,41.6
N64,Hot Wheels: Turbo Racing,"Electronic Arts, Inc.",Stormfront Studios,"Sep, 1999",Racing / Driving,"1st-person, Behind view",,,,,,0,,"[79.0, 78.0, 75.0, 70.0, 55.0, 55.0]",6,68.66666666666667
N64,Hybrid Heaven,"Konami of America, Inc.","Konami Computer Entertainment Osaka Co., Ltd.","Sep 01, 1999","Action, Role-playing (RPG)",3rd-person (Other),,,Puzzle elements,,,0,,"[83.0, 82.0, 79.0, 78.0, 78.0, 75.0, 65.0, 46.0, 41.0, 40.0]",10,66.7
N64,Hydro Thunder,"Midway Home Entertainment, Inc.","Midway Home Entertainment, Inc.","Feb 28, 2000",Racing / Driving,Behind view,,,,,,0,,"[94.0, 80.0, 77.0, 75.0, 75.0, 71.0, 70.0, 69.0, 68.0, 52.0]",10,73.1
N64,Iggy's Reckin' Balls,"Acclaim Entertainment, Inc.",Iguana Entertainment Incorporated,"Aug 24, 1998",Action,Side view,,,"Platform, Puzzle elements",,,0,,"[89.0, 87.0, 85.0, 83.0, 80.0, 80.0, 65.0, 64.0, 60.0, 58.0]",10,75.1
N64,Indiana Jones and the Infernal Machine,LucasArts,LucasArts,"Dec 15, 2000",Action,Behind view,,,Puzzle elements,,,0,,"[85.0, 82.0, 80.0, 77.0, 70.0, 68.0, 60.0, 0.0]",8,65.25
N64,Indy Racing 2000,"Infogrames, Inc.",Paradigm Entertainment Inc.,"Jun, 2000","Racing / Driving, Simulation","1st-person, 3rd-person (Other)",,,,,,0,,"[80.0, 73.0, 71.0, 42.0]",4,66.5
N64,In-Fisherman Bass Hunter 64,"Take-Two Interactive Software, Inc.",GearHead Entertainment,"Jul 30, 1999",Sports,3rd-person (Other),,,,,,0,,"[84.0, 80.0, 76.0, 70.0, 68.0, 66.0, 60.0, 50.0, 50.0, 44.0]",10,64.8
N64,International Superstar Soccer 2000,"Konami of America, Inc.","Konami OSA Ltd., Major A","Aug 03, 2000",Sports,Diagonal-down,,,,,,0,,"[92.0, 90.0, 89.0, 89.0, 88.0, 88.0, 80.0, 80.0, 72.0, 60.0]",10,82.8
N64,International Superstar Soccer 64,"Konami of America, Inc.","Konami OSA Ltd., Major A","Aug 08, 1997",Sports,,,,,,,0,,"[100.0, 98.0, 98.0, 97.0, 95.0, 92.0, 92.0, 91.0, 90.0, 80.0]",10,93.3
N64,International Superstar Soccer '98,"Konami of America, Inc.","Konami OSA Ltd., Major A","Sep 15, 1998",Sports,Diagonal-down,2D scrolling,,,,,0,,"[100.0, 95.0, 94.0, 91.0, 90.0, 90.0, 90.0, 89.0, 85.0, 60.0]",10,88.4
N64,International Track & Field 2000,"Konami of America, Inc.","Konami Computer Entertainment Osaka Co., Ltd.",1999,Sports,3rd-person (Other),,,,,,0,,"[100.0, 85.0, 83.0, 81.0, 80.0, 75.0, 70.0, 61.0, 60.0, 50.0]",10,74.5
N64,Japan Pro Golf Tour 64,"Media Factory, Inc.","Media Factory, Inc., SETA Corporation","May 01, 2000","Simulation, Sports",Behind view,,,,,,0,,,0,
N64,Jeopardy!,"GameTek, Inc.","GameTek, Inc.","Feb 25, 1998",Puzzle,,,,Game show / trivia / quiz,,,0,,"[68.0, 60.0, 38.0, 30.0, 20.0, 0.0]",6,36.0
N64,Jeremy McGrath Supercross 2000,"Acclaim Entertainment, Inc.",Acclaim Studios Salt Lake City,"Feb 28, 2000","Racing / Driving, Sports",Behind view,,,,,,0,,"[82.0, 80.0, 70.0, 63.0, 60.0, 54.0, 32.0, 25.0]",8,58.25
N64,Jet Force Gemini,Rareware Limited,Rare Limited,"Oct 12, 1999",Action,Behind view,,,Shooter,,"[2.17, 1.4]",2,1.785,"[100.0, 90.0, 90.0, 87.0, 85.0, 81.0, 80.0, 70.0, 67.0, 38.0]",10,78.8
N64,John Romero's Daikatana,"Kotobuki System Co., Ltd.","Ion Storm, L.P., Kotobuki System Co., Ltd.","Nov 21, 2000",Action,1st-person,,,Shooter,,,0,,"[76.0, 73.0, 73.0, 69.0, 60.0, 60.0, 50.0, 47.0, 40.0, 40.0]",10,58.8
N64,Ken Griffey Jr.'s Slugfest,Nintendo of America Inc.,"Angel Studios, Inc.","May 11, 1999",Sports,"Behind view, Diagonal-down",,,,,,0,,"[90.0, 85.0, 83.0, 79.0, 78.0, 75.0, 75.0, 67.0, 40.0]",9,74.66666666666667
N64,Killer Instinct Gold,Nintendo of America Inc.,Rare Limited,"Nov, 1996",Action,Side view,2D scrolling,,Fighting,,,0,,"[92.0, 92.0, 86.0, 85.0, 81.0, 80.0, 70.0, 69.0, 65.0, 50.0]",10,77.0
N64,Kirby 64: The Crystal Shards,Nintendo of America Inc.,"HAL Laboratory, Inc.","Jun 26, 2000",Action,"Diagonal-down, Side view",,,"Platform, Puzzle elements",,[3.5],1,3.5,"[91.0, 83.0, 80.0, 79.0, 75.0, 72.0, 70.0, 70.0, 65.0, 60.0]",10,74.5
N64,Knife Edge: Nose Gunner,"Kotobuki System Co., Ltd., Vatical Entertainment LLC","Kotobuki System Co., Ltd.","Nov 10, 1998",Action,3rd-person (Other),,,Rail shooter,,,0,,"[75.0, 67.0, 65.0, 52.0, 45.0, 40.0, 40.0, 38.0, 25.0, 0.0]",10,44.7
N64,Knockout Kings 2000,"Electronic Arts, Inc.","Black Ops Entertainment, LLC","Oct 03, 1999",Sports,3rd-person (Other),,,,,,0,,"[85.0, 85.0, 80.0, 74.0, 66.0, 63.0, 60.0, 50.0, 50.0, 42.0]",10,65.5
N64,Kobe Bryant in NBA Courtside,Nintendo of America Inc.,"Left Field Productions, Inc.",1998,Sports,,,,,,,0,,"[95.0, 91.0, 90.0, 87.0, 87.0, 85.0, 80.0, 79.0, 77.0, 67.0]",10,83.8
N64,Kyojin no Doshin 1,"Nintendo Co., Ltd.",Param,"Dec 01, 1999","Simulation, Strategy","1st-person, 3rd-person (Other)",,,Managerial / business simulation,,,0,,"[80.0, 65.0]",2,72.5
N64,Kyojin no Doshin Kaihō Sensen Chibikko Chikko Daishūgou,"Nintendo Co., Ltd.",,"May 17, 2000",DLC / Add-on,,,,,,,0,,"[25.0, 10.0]",2,17.5
N64,Last Legion UX,"Hudson Soft Company, Ltd.",Yuke's Co. Ltd.,"May 28, 1999",Action,Behind view,,Anime / Manga,Fighting,,,0,,[60.0],1,60.0
N64,The Legend of Zelda: Majora's Mask (Limited Edition Adventure Set),Nintendo of Europe GmbH,Nintendo EAD,2000,Special edition,,,,,,,0,,,0,
N64,The Legend of Zelda: Majora's Mask,Nintendo of America Inc.,Nintendo EAD,"Oct 26, 2000",Action,"1st-person, Behind view",,,"Metroidvania, Puzzle elements",,"[5.0, 4.67, 4.67, 3.67, 3.67, 3.5]",6,4.196666666666666,"[100.0, 100.0, 100.0, 100.0, 98.0, 90.0, 90.0, 83.0, 80.0, 70.0]",10,91.1
N64,The Legend of Zelda: Ocarina of Time,Nintendo of America Inc.,Nintendo EAD,"Nov 23, 1998",Action,"1st-person, Behind view",,,"Metroidvania, Puzzle elements",,"[5.0, 3.5, 5.0, 4.17, 5.0, 4.83, 4.83, 4.17, 5.0, 1.5]",10,4.3,"[100.0, 100.0, 100.0, 100.0, 100.0, 100.0, 100.0, 95.0, 95.0, 90.0]",10,98.0
N64,LEGO Racers,"LEGO Media International, Inc.","High Voltage Software, Inc.","Oct 22, 1999",Racing / Driving,Behind view,,,Arcade,,[4.25],1,4.25,"[82.0, 78.0, 75.0, 72.0, 70.0, 66.0, 64.0, 50.0, 46.0, 40.0]",10,64.3
N64,Lode Runner 3-D,GT Interactive Software Corp.,"Big Bang Software, Inc.","Mar 31, 1999","Action, Puzzle",Diagonal-down,,,"Platform, Shooter",,,0,,"[88.0, 83.0, 80.0, 78.0, 77.0, 73.0, 70.0, 70.0, 69.0, 68.0]",10,75.6
N64,Looney Tunes: Duck Dodgers - Starring Daffy Duck,"Infogrames, Inc.",Paradigm Entertainment Inc.,"Aug, 2000",Action,3rd-person (Other),,,"Platform, Puzzle elements",,[3.6],1,3.6,"[80.0, 79.0, 76.0, 75.0, 73.0, 71.0, 70.0, 60.0, 60.0, 58.0]",10,70.2
N64,Mace: The Dark Age,"Midway Home Entertainment, Inc.",Atari Games Corporation,"Oct, 1997",Action,3rd-person (Other),,,Fighting,,,0,,"[91.0, 90.0, 87.0, 85.0, 80.0, 80.0, 69.0, 69.0, 60.0, 54.0]",10,76.5
N64,Madden Football 64,"Electronic Arts, Inc.",Tiburon Entertainment,"Oct 23, 1997",Sports,Diagonal-down,2D scrolling,,,,,0,,"[100.0, 88.0, 88.0, 86.0, 81.0, 80.0, 80.0, 79.0, 67.0, 40.0]",10,78.9
N64,Madden NFL 2000,"Electronic Arts, Inc.",EA Tiburon,"Aug 31, 1999",Sports,Diagonal-down,2D scrolling,,,,,0,,"[100.0, 94.0, 88.0, 84.0, 80.0, 80.0, 75.0]",7,85.85714285714286
N64,Madden NFL 2001,"Electronic Arts, Inc.",EA Tiburon,"Sep 05, 2000",Sports,Diagonal-down,2D scrolling,,,,,0,,"[98.0, 91.0, 90.0, 80.0, 80.0, 80.0]",6,86.5
N64,Madden NFL 2002,"Electronic Arts, Inc.","Budcat Creations, LLC","Sep 13, 2001",Sports,Diagonal-down,2D scrolling,,,,,0,,"[91.0, 80.0]",2,85.5
N64,Madden NFL 99,"Electronic Arts, Inc.",EA Tiburon,1998,Sports,Diagonal-down,2D scrolling,,,,,0,,"[93.0, 91.0, 90.0, 87.0, 86.0, 85.0, 84.0, 83.0]",8,87.375
N64,Magical Tetris Challenge,"Capcom Entertainment, Inc.","Capcom Co., Ltd.",1999,"Action, Puzzle",Side view,Fixed / flip-screen,,Falling block puzzle,,,0,,"[90.0, 89.0, 80.0, 73.0, 65.0, 63.0, 61.0, 59.0, 55.0]",9,70.55555555555556
N64,Major League Baseball Featuring Ken Griffey Jr,Nintendo of America Inc.,"Angel Studios, Inc.","May 25, 1998",Sports,,,,Arcade,,,0,,"[88.0, 85.0, 85.0, 80.0, 75.0, 73.0, 68.0, 67.0, 50.0, 40.0]",10,71.1
N64,Mario Artist: Communication Kit,"RandnetDD Co., Ltd.",Nintendo EAD,"Jun 29, 2000","DLC / Add-on, Educational, Simulation",,,,,,,0,,[67.0],1,67.0
N64,Mario Artist: Paint Studio,"RandnetDD Co., Ltd.",Software Creations Ltd.,"Dec 11, 1999",Educational,1st-person,,,,,,0,,[58.0],1,58.0
N64,Mario Artist: Polygon Studio,"RandnetDD Co., Ltd.",Nintendo R&D1,"Aug 29, 2000","Action, Educational",,,,Arcade,,,0,,[58.0],1,58.0
N64,Mario Artist: Talent Studio,"RandnetDD Co., Ltd.",Nintendo EAD,"Feb 23, 2000",Educational,,,,,,,0,,[58.0],1,58.0
N64,Mario Golf,Nintendo of America Inc.,Camelot Software Planning,"Jul 26, 1999",Sports,Behind view,,,,,[4.67],1,4.67,"[91.0, 88.0, 87.0, 85.0, 85.0, 84.0, 83.0, 80.0, 80.0, 42.0]",10,80.5
N64,Mario Kart 64,Nintendo of America Inc.,Nintendo EAD,"Feb 12, 1997",Racing / Driving,Behind view,,,Arcade,,"[3.8, 4.8, 5.0, 4.6, 4.2, 4.2]",6,4.433333333333333,"[98.0, 92.0, 89.0, 89.0, 85.0, 85.0, 82.0, 80.0, 80.0, 80.0]",10,86.0
N64,Mario no Photopi,"Tokyo Electron Device, Ltd.",DATT Japan Inc.,"Dec 02, 1998",Educational,,,,,,,0,,,0,
N64,Mario Party,Nintendo of America Inc.,"Hudson Soft Company, Ltd.","Feb 08, 1999","Action, Strategy","Diagonal-down, Side view, Top-down",2D scrolling,,"Board game, Mini-games, Party game",,[4.6],1,4.6,"[92.0, 87.0, 85.0, 83.0, 80.0, 79.0, 79.0, 79.0, 65.0, 60.0]",10,78.9
N64,Mario Party 2,Nintendo of America Inc.,"Hudson Soft Company, Ltd.","Jan 09, 2000","Action, Strategy","Diagonal-down, Top-down",2D scrolling,,"Board game, Mini-games, Party game",,"[4.0, 3.5]",2,3.75,"[87.0, 83.0, 80.0, 80.0, 80.0, 79.0, 79.0, 77.0, 70.0, 42.0]",10,75.7
N64,Mario Party 3,Nintendo of America Inc.,"Hudson Soft Company, Ltd.","May 06, 2001","Action, Strategy","Diagonal-down, Top-down",2D scrolling,,"Board game, Mini-games, Party game",,,0,,"[93.0, 92.0, 80.0, 77.0, 75.0, 75.0, 70.0, 64.0, 60.0, 60.0]",10,74.6
N64,Mario Tennis,Nintendo of America Inc.,Camelot Software Planning,"Aug 28, 2000",Sports,Diagonal-down,2D scrolling,,,,"[4.6, 3.2]",2,3.9,"[98.0, 91.0, 91.0, 90.0, 90.0, 87.0, 85.0, 83.0, 80.0, 80.0]",10,87.5
N64,Mega Man Legends,"Capcom Entertainment, Inc.","Capcom Co., Ltd.","Jan 16, 2001",Action,Behind view,,Anime / Manga,"Arcade, Metroidvania, Shooter",,,0,,"[75.0, 53.0, 50.0, 47.0, 45.0, 20.0]",6,48.333333333333336
N64,Mia Hamm Soccer 64,SouthPeak Interactive LLC,"DC Studios, Inc.",2000,Sports,Diagonal-down,,,,,,0,,"[78.0, 74.0, 69.0, 68.0, 55.0, 54.0, 50.0, 48.0, 40.0]",9,59.55555555555556
N64,Mickey's Speedway USA ,Nintendo of America Inc.,Rare Limited,"Nov 13, 2000",Racing / Driving,Behind view,,,Arcade,,,0,,"[86.0, 85.0, 75.0, 70.0, 70.0, 70.0, 68.0, 60.0, 58.0, 50.0]",10,69.2
N64,Micro Machines 64 Turbo,"Midway Home Entertainment, Inc.","Codemasters Software Company Limited, The","Mar 24, 1999",Racing / Driving,Top-down,,,,,,0,,"[92.0, 86.0, 85.0, 83.0, 80.0, 80.0, 80.0, 78.0, 70.0, 70.0]",10,80.4
N64,Midway's Greatest Arcade Hits Volume I,"Midway Home Entertainment, Inc.","Digital Eclipse Software, Inc.","Nov, 2000",Compilation,,,,,,,0,,"[65.0, 60.0, 60.0, 60.0, 59.0, 52.0]",6,59.333333333333336
N64,Mike Piazza's Strike Zone,GT Interactive Software Corp.,Devil's Thumb Entertainment,"Jun 16, 1998",Sports,3rd-person (Other),,,,,,0,,"[54.0, 50.0, 45.0, 30.0]",4,44.75
N64,Milo's Astro Lanes,"Crave Entertainment, Inc.",Player 1,"Nov 11, 1998","Simulation, Sports","1st-person, Behind view",,,,,,0,,"[80.0, 80.0, 61.0, 55.0, 53.0, 45.0, 40.0, 40.0, 22.0, 0.0]",10,47.6
N64,Mischief Makers,Nintendo of America Inc.,"Treasure Co., Ltd.","Oct 01, 1997",Action,"3rd-person (Other), Side view",,Anime / Manga,Platform,,,0,,"[92.0, 92.0, 81.0, 80.0, 80.0, 80.0, 80.0, 80.0, 77.0, 67.0]",10,80.9
N64,Mission: Impossible,"Infogrames Entertainment, Inc.",Infogrames Europe SA,"Jul 18, 1998",Action,"1st-person, 3rd-person (Other)",,,"Puzzle elements, Shooter, Stealth",,,0,,"[90.0, 88.0, 87.0, 84.0, 70.0, 70.0, 70.0, 66.0, 60.0, 59.0]",10,74.4
N64,Monaco Grand Prix Racing Simulation 2,Ubi Soft Entertainment Software,Ubi Soft Entertainment Software,"Sep, 1999","Racing / Driving, Sports","1st-person, Behind view",,,,,,0,,"[90.0, 89.0, 85.0, 85.0, 85.0, 82.0, 79.0, 70.0, 60.0, 60.0]",10,78.5
N64,Monopoly,"Hasbro Interactive, Inc.",Minds Eye Productions,"Dec 18, 1999",Strategy,3rd-person (Other),,,Board game,,,0,,"[74.0, 70.0, 70.0, 63.0, 60.0, 60.0, 50.0]",7,63.857142857142854
N64,Monster Truck Madness 64,"Rockstar Games, Inc.","Edge of Reality, Ltd.",1999,"Action, Racing / Driving, Sports","1st-person, Behind view",,,,,,0,,"[79.0, 73.0, 73.0, 70.0, 60.0, 60.0, 60.0, 45.0, 42.0, 39.0]",10,60.1
N64,Mortal Kombat 4,"Midway Home Entertainment, Inc.","Midway Games, Inc.","Jun 23, 2000",Action,Side view,,,"Arcade, Fighting",,[2.75],1,2.75,"[93.0, 90.0, 88.0, 85.0, 84.0, 80.0, 79.0, 75.0, 74.0, 67.0]",10,81.5
N64,Mortal Kombat Mythologies: Sub-Zero,"Midway Home Entertainment, Inc.","Midway Games, Inc., Avalanche Software LLC","Dec 08, 1997",Action,Side view,,,"Arcade, Fighting, Platform",,,0,,"[100.0, 90.0, 86.0, 77.0, 75.0, 70.0, 49.0, 43.0, 41.0, 25.0]",10,65.6
N64,Mortal Kombat Trilogy,"Williams Entertainment, Inc.","Midway Games, Inc.","Nov 14, 1996",Action,Side view,2D scrolling,,Fighting,,"[4.25, 4.5]",2,4.375,"[96.0, 91.0, 85.0, 75.0, 70.0, 60.0, 58.0, 55.0, 55.0, 40.0]",10,68.5
N64,MRC: Multi-Racing Championship,"Ocean of America, Inc.","Genki Co., Ltd.","Aug, 1997",Racing / Driving,3rd-person (Other),,,,,,0,,"[90.0, 90.0, 85.0, 78.0, 75.0, 75.0, 67.0, 64.0, 60.0, 55.0]",10,73.9
N64,Ms. Pac-Man Maze Madness,Namco Hometek Inc.,Namco Hometek Inc.,"Nov 12, 2000",Action,"Diagonal-down, Top-down",,,Puzzle elements,,,0,,"[80.0, 78.0, 75.0, 75.0, 70.0, 70.0, 70.0, 68.0]",8,73.25
N64,Mystical Ninja Starring Goemon,"Konami of America, Inc.","Konami Computer Entertainment Osaka Co., Ltd.","Apr 16, 1998",Action,3rd-person (Other),,Anime / Manga,"Platform, Puzzle elements",,[4.0],1,4.0,"[89.0, 85.0, 85.0, 81.0, 80.0, 80.0, 80.0, 80.0, 76.0, 70.0]",10,80.6
N64,Nagano Winter Olympics '98,"Konami of America, Inc.","Konami Computer Entertainment Osaka Co., Ltd.","Jan 29, 1998",Sports,Behind view,,,Tricks / stunts,,,0,,"[84.0, 80.0, 77.0, 75.0, 65.0, 65.0, 60.0, 42.0, 35.0, 35.0]",10,61.8
N64,Namco Museum 64,Namco Hometek Inc.,"Mass Media, Inc.","Nov 29, 1999",Compilation,,,,,,,0,,"[75.0, 74.0, 73.0, 65.0, 55.0]",5,68.4
N64,NASCAR 2000,"Electronic Arts, Inc.",Stormfront Studios,"Sep 15, 1999","Racing / Driving, Simulation","1st-person, Behind view",,,,,,0,,"[74.0, 68.0, 68.0, 65.0, 60.0, 42.0, 35.0]",7,58.857142857142854
N64,NASCAR 99,"Electronic Arts, Inc.",Stormfront Studios,"Sep 11, 1998",Racing / Driving,"1st-person, Behind view",,,,,,0,,"[89.0, 80.0, 79.0, 79.0, 74.0, 70.0, 70.0, 68.0, 65.0, 60.0]",10,73.4
N64,NBA Courtside 2: Featuring Kobe Bryant,Nintendo of America Inc.,"Left Field Productions, Inc.","Nov, 1999",Sports,3rd-person (Other),,,,,,0,,"[100.0, 100.0, 95.0, 91.0, 90.0, 83.0, 70.0, 65.0]",8,86.75
N64,NBA Hangtime,"Midway Home Entertainment, Inc.",Midway Manufacturing Company,"Jan 17, 1997",Sports,Diagonal-down,2D scrolling,,,,,0,,"[90.0, 86.0, 85.0, 80.0, 78.0, 78.0, 73.0, 60.0, 54.0, 52.0]",10,73.6
N64,NBA in the Zone 2000,Konami Corporation,Konami OSA Ltd.,"Feb 23, 2000",Sports,,,,,,,0,,"[60.0, 58.0, 54.0, 52.0]",4,56.0
N64,NBA in the Zone '98,"Konami of America, Inc.","Konami Computer Entertainment Osaka Co., Ltd.","Feb 10, 1998",Sports,Diagonal-down,,,,,,0,,"[83.0, 81.0, 75.0, 71.0, 70.0, 67.0, 65.0, 60.0, 55.0, 36.0]",10,66.3
N64,NBA in the Zone '99,Konami Corporation,Konami OSA Ltd.,"Apr 07, 1999",Sports,Diagonal-down,,,,,,0,,"[88.0, 70.0, 69.0, 60.0, 59.0, 56.0, 55.0, 55.0, 52.0]",9,62.666666666666664
N64,NBA Jam 2000,"Acclaim Entertainment, Inc.",Acclaim Studios Salt Lake City,"Nov, 1999",Sports,Diagonal-down,,,"Arcade, Managerial / business simulation",,,0,,"[88.0, 80.0, 75.0, 75.0, 70.0, 60.0]",6,74.66666666666667
N64,NBA Jam 99,"Acclaim Entertainment, Inc.",Iguana West,"Dec 04, 1998",Sports,Diagonal-down,,,"Arcade, Managerial / business simulation",,,0,,"[89.0, 85.0, 85.0, 84.0, 83.0, 83.0, 83.0, 68.0, 50.0, 40.0]",10,75.0
N64,NBA Live 2000,"Electronic Arts, Inc.","NuFX, Inc. ","Nov 17, 1999",Sports,Diagonal-down,,,,,,0,,"[95.0, 88.0, 87.0, 85.0, 83.0, 80.0, 75.0, 70.0, 45.0]",9,78.66666666666667
N64,NBA Live 99,"Electronic Arts, Inc.","NuFX, Inc. ","Nov 04, 1998",Sports,Diagonal-down,,,,,,0,,"[95.0, 90.0, 90.0, 85.0, 83.0, 82.0, 81.0, 80.0, 72.0, 71.0]",10,82.9
N64,NBA Showtime: NBA on NBC,"Midway Home Entertainment, Inc.","Midway Games, Inc.","Nov 17, 1999",Sports,3rd-person (Other),,,,,,0,,"[71.0, 70.0, 70.0, 70.0, 69.0, 68.0, 67.0, 50.0]",8,66.875
N64,Neon Genesis Evangelion,"Bandai Co., Ltd.","BEC Co., Ltd.","Jun 25, 1999",Action,"1st-person, 3rd-person (Other)",,Anime / Manga,"Fighting, Shooter",,,0,,"[85.0, 83.0, 65.0, 60.0, 56.0, 52.0]",6,66.83333333333333
N64,The New Tetris,Nintendo of America Inc.,H2O Entertainment Ltd.,"Aug 02, 1999","Action, Puzzle",Side view,Fixed / flip-screen,,Falling block puzzle,,,0,,"[95.0, 90.0, 88.0, 83.0, 80.0, 80.0, 80.0, 79.0, 73.0, 60.0]",10,80.8
N64,NFL Blitz,"Midway Home Entertainment, Inc.","Midway Games, Inc.","Sep 09, 1998",Sports,Diagonal-down,2D scrolling,,,,[4.33],1,4.33,"[91.0, 90.0, 90.0, 90.0, 82.0, 80.0, 80.0, 80.0, 75.0, 40.0]",10,79.8
N64,NFL Blitz 2000,"Midway Home Entertainment, Inc.","Midway Games, Inc.","Aug 17, 1999","Action, Sports",Diagonal-down,,,Arcade,,,0,,"[100.0, 94.0, 92.0, 91.0, 87.0, 80.0, 80.0, 75.0, 75.0]",9,86.0
N64,NFL Blitz 2001,"Midway Home Entertainment, Inc.","Midway Games, Inc.",2000,"Action, Sports",3rd-person (Other),,,Arcade,,,0,,"[88.0, 84.0, 75.0, 74.0, 60.0]",5,76.2
N64,NFL QB Club 2001,"Acclaim Entertainment, Inc.","High Voltage Software, Inc.","Aug 23, 2000",Sports,3rd-person (Other),,,,,,0,,"[85.0, 73.0, 70.0, 58.0, 46.0, 40.0, 20.0]",7,56.0
N64,NFL Quarterback Club 2000,"Acclaim Entertainment, Inc.",Acclaim Studios Austin,"Aug 26, 1999",Sports,3rd-person (Other),,,,,,0,,"[88.0, 85.0, 85.0, 82.0, 65.0, 62.0, 60.0, 60.0, 59.0, 25.0]",10,67.1
N64,NFL Quarterback Club 98,"Acclaim Entertainment, Inc.",Iguana Entertainment Incorporated,"Oct 24, 1997",Sports,Diagonal-down,2D scrolling,,,,,0,,"[100.0, 95.0, 93.0, 91.0, 91.0, 91.0, 90.0, 82.0, 80.0, 54.0]",10,86.7
N64,NFL Quarterback Club 99,"Acclaim Entertainment, Inc.",Iguana Entertainment Incorporated,"Nov 10, 1998",Sports,Diagonal-down,2D scrolling,,,,,0,,"[95.0, 92.0, 85.0, 85.0, 85.0, 80.0, 80.0, 79.0, 75.0, 60.0]",10,81.6
N64,NHL 99,"Electronic Arts, Inc.",Electronic Arts Canada,"Oct 01, 1998",Sports,"Diagonal-down, Top-down",2D scrolling,,,,,0,,"[92.0, 91.0, 90.0, 88.0, 88.0, 88.0, 86.0, 85.0, 79.0, 76.0]",10,86.3
N64,NHL Blades of Steel '99,Konami Corporation,Konami OSA Ltd.,"Apr 05, 1999",Sports,Diagonal-down,,,,,,0,,"[88.0, 85.0, 84.0, 80.0, 71.0, 69.0, 66.0, 63.0, 60.0, 60.0]",10,72.6
N64,NHL Breakaway 98,"Acclaim Entertainment, Inc.","Sculptured Software, Inc.","Feb 26, 1998",Sports,Diagonal-down,,,,,,0,,"[91.0, 90.0, 86.0, 85.0, 85.0, 81.0, 78.0, 76.0, 70.0, 16.0]",10,75.8
N64,NHL Breakaway 99,"Acclaim Entertainment, Inc.",Iguana West,"Nov 27, 1998",Sports,Diagonal-down,,,,,,0,,"[89.0, 85.0, 83.0, 79.0, 74.0, 73.0, 71.0, 70.0, 69.0, 60.0]",10,75.3
N64,Nightmare Creatures,"Activision, Inc.",Kalisto Entertainment SA,"Nov, 1998",Action,3rd-person (Other),,,"Arcade, Fighting",,[4.0],1,4.0,"[88.0, 83.0, 80.0, 75.0, 75.0, 74.0, 71.0, 48.0, 40.0, 20.0]",10,65.4
N64,Nuclear Strike,THQ Inc.,Pacific Coast Power and Light,"Dec, 1999",Action,Diagonal-down,,,Shooter,,,0,,"[91.0, 85.0, 85.0, 84.0, 80.0, 76.0, 71.0, 68.0, 60.0, 50.0]",10,75.0
N64,Nushi Tsuri 64,"Pack-In-Video Co., Ltd",DDL Corporation,"Nov 27, 1998","Role-playing (RPG), Simulation",Top-down,,Anime / Manga,,,,0,,[50.0],1,50.0
N64,Off Road Challenge,"Midway Home Entertainment, Inc.","Midway Home Entertainment, Inc.","Jun 30, 1998",Racing / Driving,"1st-person, Behind view",,,,,,0,,"[84.0, 70.0, 69.0, 64.0, 61.0, 60.0, 58.0, 49.0, 40.0, 27.0]",10,58.2
N64,Ogre Battle 64: Person of Lordly Caliber,"Atlus U.S.A., Inc.",Quest Corporation,"Oct 05, 2000","Role-playing (RPG), Strategy",Top-down,,,,,,0,,"[100.0, 100.0, 96.0, 93.0, 90.0, 90.0, 90.0, 85.0, 80.0, 80.0]",10,90.4
N64,Olympic Hockey 98,"Midway Home Entertainment, Inc.","Treyarch Invention, LLC","Feb, 1998",Sports,3rd-person (Other),,,,,,0,,"[90.0, 78.0, 75.0, 70.0, 65.0, 65.0]",6,73.83333333333333
N64,Pachinko 365 Nichi,SETA Corporation,SETA Corporation,"May 29, 1998",Gambling,1st-person,,,Pinball,,,0,,,0,
N64,Paperboy,"Midway Home Entertainment, Inc.","High Voltage Software, Inc.","Oct 31, 1999",Action,,Isometric,,,,"[3.0, 1.5]",2,2.25,"[87.0, 64.0, 56.0, 54.0, 50.0, 50.0, 45.0, 42.0, 42.0, 40.0]",10,53.0
N64,Paper Mario,Nintendo of America Inc.,"Intelligent Systems Co., Ltd.","Feb 06, 2002",Role-playing (RPG),Side view,,,"Japanese-style RPG (JRPG), Platform",,"[2.6, 4.8]",2,3.7,"[96.0, 96.0, 94.0, 93.0, 91.0, 90.0, 90.0, 86.0, 80.0, 60.0]",10,87.6
N64,Penny Racers,THQ Inc.,Locomotive,1999,Racing / Driving,"1st-person, Behind view",,,Arcade,,,0,,"[75.0, 72.0, 69.0, 61.0, 54.0, 53.0, 46.0, 40.0, 20.0, 20.0]",10,51.0
N64,Perfect Dark,Rareware Limited,Rare Limited,"May 22, 2000",Action,1st-person,,,"Shooter, Stealth",,"[4.71, 5.0, 5.0, 5.0]",4,4.9275,"[100.0, 100.0, 99.0, 97.0, 95.0, 95.0, 90.0, 90.0, 80.0, 70.0]",10,91.6
N64,PGA European Tour Golf,"Infogrames, Inc.",Infogrames Studios Limited,"Jun 15, 2000",Sports,3rd-person (Other),,,,,,0,,"[80.0, 75.0, 71.0, 70.0, 69.0, 65.0, 61.0, 60.0, 50.0, 46.0]",10,64.7
N64,Pilotwings 64,Nintendo of America Inc.,"Nintendo R&D3, Paradigm Entertainment Inc.","Sep 29, 1996","Action, Racing / Driving, Simulation","1st-person, Behind view",,,Puzzle elements,,[4.75],1,4.75,"[100.0, 94.0, 93.0, 85.0, 85.0, 84.0, 80.0, 63.0, 60.0, 58.0]",10,80.2
N64,Pocket Monsters Stadium,"Nintendo Co., Ltd.","HAL Laboratory, Inc., Nintendo Co., Ltd.","Aug 01, 1998",Strategy,Diagonal-down,,,,,[3.71],1,3.71,"[92.0, 90.0, 86.0, 78.0]",4,86.5
N64,Pokémon Puzzle League,Nintendo of America Inc.,"Intelligent Systems Co., Ltd., Nintendo Software Technology Corporation","Sep 25, 2000","Action, Puzzle",Side view,Fixed / flip-screen,,"Falling block puzzle, Tile matching puzzle",,,0,,"[91.0, 90.0, 86.0, 85.0, 80.0, 80.0, 78.0, 70.0, 70.0, 70.0]",10,80.0
N64,Pokémon Snap,Nintendo of America Inc.,"HAL Laboratory, Inc., Nintendo Co., Ltd.","Jun 30, 1999",,1st-person,,,"Rail shooter, Shooter",,[0.6],1,0.6,"[92.0, 88.0, 85.0, 85.0, 80.0, 70.0, 70.0, 68.0, 64.0, 60.0]",10,76.2
N64,Pokémon Stadium,Nintendo of America Inc.,"HAL Laboratory, Inc., Nintendo EAD","Mar, 2000",Role-playing (RPG),3rd-person (Other),,,,,"[2.25, 4.0]",2,3.125,"[91.0, 88.0, 84.0, 83.0, 81.0, 80.0, 70.0, 60.0, 60.0, 58.0]",10,75.5
N64,Pokémon Stadium 2,Nintendo of America Inc.,"Nintendo Co., Ltd.","Mar 26, 2001",Strategy,3rd-person (Other),,,,,,0,,"[92.0, 88.0, 86.0, 80.0, 75.0, 75.0, 72.0, 71.0, 70.0, 60.0]",10,76.9
N64,Pokémon Stadium Battle Set,"Nintendo Co., Ltd.",,"Nov, 2000",Special edition,,,,,,,0,,,0,
N64,Polaris SnoCross,Vatical Entertainment LLC,"Vicarious Visions, Inc., The Golden Gate Game Company","Feb 18, 2000","Racing / Driving, Sports","1st-person, 3rd-person (Other)",,,Tricks / stunts,,,0,,"[53.0, 43.0, 42.0, 38.0, 35.0, 30.0]",6,40.166666666666664
N64,The Powerpuff Girls: Chemical X-Traction,"BAM! Entertainment, Inc.","Asylum Entertainment Ltd., VIS Entertainment Limited","Nov 16, 2001",Action,3rd-person (Other),,,"Arcade, Fighting",,,0,,[60.0],1,60.0
N64,Premier Manager Ninety Nine,Gremlin Interactive Limited,"Dinamic Multimedia, S.A.",1999,Sports,3rd-person (Other),,,Managerial / business simulation,,,0,,"[85.0, 84.0, 80.0, 75.0, 41.0, 40.0, 25.0]",7,61.42857142857143
N64,Puyo Puyo~n,Compile,Compile,"Dec 03, 1999",Puzzle,Side view,Fixed / flip-screen,,Falling block puzzle,,,0,,,0,
N64,Puyo Puyo Sun,Compile,Compile,"Oct 31, 1997",Puzzle,Side view,Fixed / flip-screen,Anime / Manga,"Arcade, Falling block puzzle",,,0,,"[92.0, 89.0, 87.0, 80.0, 75.0]",5,84.6
N64,Quake,"Midway Home Entertainment, Inc.","id Software, Inc.","Mar 24, 1998",Action,1st-person,,,Shooter,,,0,,"[90.0, 88.0, 82.0, 80.0, 80.0, 80.0, 80.0, 73.0, 63.0, 50.0]",10,76.6
N64,Quake II,"Activision, Inc.",Raster Productions L.L.C.,"Jun 30, 1999",Action,1st-person,,,Shooter,,,0,,"[94.0, 91.0, 90.0, 82.0, 80.0, 80.0, 78.0, 74.0, 70.0, 70.0]",10,80.9
N64,Quest 64,THQ Inc.,"Imagineer Co., Ltd.","Jun 01, 1998",Role-playing (RPG),3rd-person (Other),,Anime / Manga,,,,0,,"[80.0, 78.0, 75.0, 64.0, 63.0, 50.0, 42.0, 40.0, 38.0, 35.0]",10,56.5
N64,Rakugakids,"Konami Co., Ltd.","Konami Computer Entertainment Kobe, Inc.",1998,Action,Side view,,Anime / Manga,Fighting,,,0,,"[82.0, 80.0, 75.0, 75.0, 68.0, 60.0, 60.0, 45.0, 31.0, 30.0]",10,60.6
N64,Rally Challenge 2000,SouthPeak Interactive LLC,"Genki Co., Ltd.",2000,Racing / Driving,"1st-person, Behind view",,,,,,0,,"[80.0, 80.0, 70.0, 66.0, 66.0, 65.0, 60.0, 44.0, 25.0, 0.0]",10,55.6
N64,Rampage 2: Universal Tour,"Midway Home Entertainment, Inc.",Avalanche Software LLC,"Mar 31, 1999",Action,Side view,2D scrolling,,Arcade,,[3.2],1,3.2,"[75.0, 74.0, 60.0, 60.0, 56.0, 53.0, 52.0, 44.0, 42.0, 25.0]",10,54.1
N64,Rampage World Tour,"Midway Home Entertainment, Inc.",Game Refuge Inc.,"Mar 30, 1998",Action,Side view,2D scrolling,,Arcade,,[2.8],1,2.8,"[80.0, 75.0, 73.0, 69.0, 65.0, 61.0, 59.0, 50.0, 50.0, 49.0]",10,63.1
N64,Rat Attack!,"Mindscape, Inc.",Pure Entertainment Games Plc,"Sep 12, 2000",Action,Top-down,,,Puzzle elements,,,0,,"[71.0, 64.0, 58.0, 50.0]",4,60.75
N64,Rayman 2: The Great Escape,"Ubi Soft Entertainment, Inc.",Ubi Soft Entertainment Software,"Nov 08, 1999",Action,Behind view,,,Platform,,,0,,"[100.0, 94.0, 90.0, 90.0, 90.0, 90.0, 90.0, 86.0, 83.0, 80.0]",10,89.3
N64,Razor Freestyle Scooter,"Crave Entertainment, Inc.",Shaba Games LLC,"Nov 27, 2001",Action,Behind view,,,Tricks / stunts,,,0,,"[62.0, 30.0, 10.0]",3,34.0
N64,Ready 2 Rumble Boxing,"Midway Home Entertainment, Inc.","Midway Home Entertainment, Inc.","Nov 10, 1999",Sports,3rd-person (Other),,,,,,0,,"[87.0, 87.0, 85.0, 83.0, 83.0, 75.0, 73.0, 70.0, 70.0, 50.0]",10,76.3
N64,Ready 2 Rumble Boxing: Round 2,"Midway Home Entertainment, Inc.","Midway Games, Inc.","Nov 15, 2000",Sports,3rd-person (Other),,,,,,0,,"[76.0, 74.0, 70.0, 67.0, 59.0]",5,69.2
N64,Resident Evil 2,"Capcom Entertainment, Inc.","Capcom Co., Ltd.","Nov, 1999",Action,3rd-person (Other),Cinematic camera,,"Puzzle elements, Shooter, Survival horror",,,0,,"[100.0, 94.0, 91.0, 91.0, 90.0, 90.0, 89.0, 80.0, 80.0, 72.0]",10,87.7
N64,Re-Volt,"Acclaim Entertainment, Inc.",Acclaim Studios Limited,"Aug 18, 1999","Action, Racing / Driving",Behind view,,,Arcade,,,0,,"[87.0, 84.0, 75.0, 75.0, 70.0, 69.0, 61.0, 50.0, 45.0, 40.0]",10,65.6
N64,Ridge Racer 64,Nintendo of America Inc.,"Namco Limited, Nintendo Software Technology Corporation","Feb 14, 2000",Racing / Driving,"1st-person, Behind view",,,Arcade,,,0,,"[97.0, 91.0, 91.0, 90.0, 87.0, 87.0, 85.0, 82.0, 75.0, 70.0]",10,85.5
N64,Road Rash 64,THQ Inc.,Pacific Coast Power and Light,"Nov, 1999","Action, Racing / Driving",Behind view,,,,,[3.2],1,3.2,"[80.0, 79.0, 74.0, 70.0, 69.0, 62.0, 50.0, 40.0, 40.0, 40.0]",10,60.4
N64,Roadsters,Titus Software Corporation,"Titus Interactive, S.A.",1999,Racing / Driving,"1st-person, Behind view",,,,,,0,,"[100.0, 85.0, 85.0, 85.0, 84.0, 73.0, 70.0, 60.0, 56.0, 50.0]",10,74.8
N64,Robotron 64,"Crave Entertainment, Inc.",Player 1,"Jan 06, 1998",Action,Diagonal-down,,,"Arcade, Platform, Shooter",,[4.5],1,4.5,"[100.0, 93.0, 90.0, 83.0, 70.0, 69.0, 59.0, 40.0, 40.0, 16.0]",10,66.0
N64,Rocket: Robot on Wheels,"Ubi Soft Entertainment, Inc.",Sucker Punch Productions LLC,"Nov 17, 1999",Action,3rd-person (Other),,,Platform,,,0,,"[85.0, 84.0, 80.0, 80.0, 76.0, 75.0, 73.0, 70.0, 60.0, 50.0]",10,73.3
N64,Rugrats in Paris: The Movie,THQ Inc.,Avalanche Software LLC,"Nov, 2000",Action,3rd-person (Other),,,"Arcade, Platform",,,0,,"[61.0, 60.0, 60.0, 55.0, 25.0]",5,52.2
N64,Rugrats: Scavenger Hunt,THQ Inc.,Realtime Associates Seattle Division,"Jun 29, 1999",Action,3rd-person (Other),,,Board game,,,0,,"[64.0, 48.0, 44.0, 40.0, 27.0, 25.0, 0.0]",7,35.42857142857143
N64,Rush 2: Extreme Racing USA,"Midway Home Entertainment, Inc.",Atari Games Corporation,"Nov, 1998",Racing / Driving,"1st-person, Behind view",,,Arcade,,,0,,"[89.0, 88.0, 83.0, 79.0, 75.0, 73.0, 70.0, 69.0, 58.0, 42.0]",10,72.6
N64,Saban's Power Rangers: Lightspeed Rescue,THQ Inc.,"Mass Media, Inc.","Sep 28, 2000",Action,"1st-person, Diagonal-down",,,,,,0,,"[60.0, 40.0, 31.0, 30.0, 20.0, 14.0, 0.0]",7,27.857142857142858
N64,San Francisco Rush 2049,"Midway Home Entertainment, Inc.",Atari Games Corporation,"Sep 06, 2000","Action, Racing / Driving",Behind view,,,,,,0,,"[100.0, 93.0, 90.0, 89.0, 75.0, 74.0, 72.0, 71.0]",8,83.0
N64,San Francisco Rush: Extreme Racing,"Midway Home Entertainment, Inc.",Atari Games Corporation,"Nov, 1997",Racing / Driving,"1st-person, Behind view",,,,,,0,,"[90.0, 89.0, 85.0, 81.0, 79.0, 79.0, 71.0, 65.0, 58.0, 33.0]",10,73.0
N64,S.C.A.R.S.,Ubi Soft Entertainment Software,Vivid Image,"Dec 04, 1998",Racing / Driving,"1st-person, Behind view",,,"Arcade, Shooter",,,0,,"[89.0, 85.0, 83.0, 80.0, 80.0, 78.0, 74.0, 73.0, 73.0, 57.0]",10,77.2
N64,Scooby-Doo!: Classic Creep Capers,THQ Inc.,"TerraGlyph Interactive Studios, L.P.","Nov 29, 2000",Action,3rd-person (Other),,,Puzzle elements,,,0,,"[90.0, 80.0, 66.0, 60.0, 51.0, 50.0, 50.0, 48.0, 40.0]",9,59.44444444444444
N64,Sesame Street: Elmo's Letter Adventure,"NewKidCo, Inc.","Realtime Associates, Inc., Children's Television Workshop","Nov 15, 1999",Educational,3rd-person (Other),,,,,,0,,"[74.0, 74.0, 53.0]",3,67.0
N64,Sesame Street: Elmo's Number Journey,"NewKidCo, Inc.","Realtime Associates, Inc.",1999,Educational,3rd-person (Other),,,Mini-games,,,0,,[74.0],1,74.0
N64,Shadowgate 64: Trials of the Four Towers,"Kemco U.S.A., Inc.","TNS Co., Ltd.","Jun 09, 1999",Adventure,1st-person,,,Puzzle elements,,,0,,"[83.0, 82.0, 80.0, 80.0, 72.0, 70.0, 70.0, 63.0, 62.0, 50.0]",10,71.2
N64,Shadow Man,"Acclaim Entertainment, Inc.",Acclaim Studios Teesside,"Aug 24, 1999",Action,Behind view,,,,,,0,,"[95.0, 95.0, 94.0, 94.0, 91.0, 90.0, 89.0, 81.0, 69.0, 50.0]",10,84.8
N64,SimCity 2000,"Imagineer Co., Ltd.",Maxis Software Inc.,"Jan 30, 1998","Simulation, Strategy",Diagonal-down,"Free-roaming camera, Isometric",,"City building / construction simulation, Managerial / business simulation",,,0,,"[80.0, 69.0, 35.0]",3,61.333333333333336
N64,SimCity 64,"Nintendo Co., Ltd.","HAL Laboratory, Inc.","Feb 23, 2000",Simulation,"1st-person, Diagonal-down",Free-roaming camera,Anime / Manga,"City building / construction simulation, Managerial / business simulation",,,0,,"[60.0, 58.0]",2,59.0
N64,Sin and Punishment,"Nintendo Co., Ltd.","Treasure Co., Ltd.","Nov 21, 2000",Action,Behind view,,,Rail shooter,,[3.33],1,3.33,"[93.0, 90.0, 90.0, 90.0, 90.0, 86.0, 85.0, 80.0, 80.0, 71.0]",10,85.5
N64,Snowboard Kids,"Atlus Co., Ltd.",Racdym,"Mar 15, 1998","Racing / Driving, Sports",Behind view,,,,,,0,,"[89.0, 88.0, 81.0, 80.0, 80.0, 79.0, 75.0, 70.0, 40.0, 30.0]",10,71.2
N64,Snowboard Kids 2,"Atlus Co., Ltd.",Racdym,1999,"Racing / Driving, Sports",Behind view,,,,,,0,,"[86.0, 80.0, 79.0, 73.0, 70.0, 70.0, 60.0, 60.0, 50.0, 33.0]",10,66.1
N64,South Park,"Acclaim Entertainment, Inc.",Iguana Entertainment Incorporated,"Dec 22, 1998",Action,1st-person,,,Shooter,,,0,,"[91.0, 85.0, 82.0, 80.0, 70.0, 70.0, 63.0, 60.0, 42.0, 10.0]",10,65.3
N64,South Park: Chef's Luv Shack,"Acclaim Entertainment, Inc.",Acclaim Studios Austin,"Oct 31, 1999",Action,,,,"Arcade, Game show / trivia / quiz",,[4.75],1,4.75,"[65.0, 59.0, 50.0, 42.0, 40.0, 40.0, 39.0, 35.0, 25.0, 0.0]",10,39.5
N64,South Park Rally,"Acclaim Entertainment, Inc.",Tantalus Interactive Pty. Ltd.,"Mar 01, 2000",Racing / Driving,Behind view,,,Arcade,,,0,,"[75.0, 73.0, 69.0, 65.0, 59.0, 51.0, 50.0, 50.0, 40.0, 16.0]",10,54.8
N64,Space Invaders,"Activision, Inc.","Z-Axis, Ltd.","Nov 30, 1999",Action,Side view,Fixed / flip-screen,,"Arcade, Shooter",,,0,,"[85.0, 80.0, 78.0, 67.0, 63.0, 50.0, 50.0, 33.0]",8,63.25
N64,Space Station Silicon Valley,"Take-Two Interactive Software, Inc.",DMA Design Limited,"Oct 21, 1998",Action,3rd-person (Other),,,"Platform, Puzzle elements",,,0,,"[95.0, 91.0, 90.0, 90.0, 87.0, 80.0, 80.0, 80.0, 80.0, 70.0]",10,84.3
N64,Spider-Man,"Activision Publishing, Inc.","Neversoft Entertainment, Inc.","Nov 20, 2000",Action,Behind view,,,,,,0,,"[100.0, 85.0, 85.0, 83.0, 80.0, 80.0, 78.0, 78.0, 74.0, 65.0]",10,80.8
N64,StarCraft 64,Nintendo of America Inc.,"Blizzard Entertainment Inc., Mass Media, Inc.","Jun, 2000",Strategy,Top-down,Free-roaming camera,,Real-time strategy,,,0,,"[90.0, 90.0, 84.0, 81.0, 80.0, 80.0, 77.0, 77.0, 75.0, 68.0]",10,80.2
N64,Star Fox 64,Nintendo of America Inc.,Nintendo EAD,"Jun 30, 1997",Action,"1st-person, Behind view",,,"Rail shooter, Shooter",,"[4.4, 4.0, 3.6, 3.6]",4,3.9,"[100.0, 100.0, 96.0, 90.0, 90.0, 90.0, 89.0, 87.0, 84.0, 83.0]",10,90.9
N64,Starshot: Space Circus Fever,Infogrames Europe SA,Infogrames Europe SA,"Jun, 1999",Action,3rd-person (Other),,,Platform,,,0,,"[81.0, 80.0, 79.0, 78.0, 77.0, 75.0, 56.0, 52.0, 30.0, 20.0]",10,62.8
N64,Star Soldier: Vanishing Earth,Electro Brain Corp.,"Hudson Soft Company, Ltd.","Dec 15, 1998",Action,Top-down,2D scrolling,,"Arcade, Shooter",,,0,,"[76.0, 72.0, 65.0, 50.0, 50.0, 50.0, 40.0, 40.0, 40.0, 40.0]",10,52.3
N64,Star Wars: Episode I - Battle for Naboo,LucasArts Entertainment Company LLC,"Factor 5 GmbH, LucasArts Entertainment Company LLC","Dec 18, 2000",Action,Behind view,,,,,[4.67],1,4.67,"[100.0, 90.0, 90.0, 89.0, 87.0, 85.0, 80.0, 73.0, 73.0, 70.0]",10,83.7
N64,Star Wars: Episode I - Racer,LucasArts Entertainment Company LLC,LucasArts Entertainment Company LLC,"May 18, 1999",Racing / Driving,Behind view,,,,,"[5.0, 5.0]",2,5.0,"[100.0, 100.0, 100.0, 95.0, 84.0, 80.0, 80.0, 80.0, 80.0, 72.0]",10,87.1
N64,Star Wars: Rogue Squadron 3D,Nintendo of America Inc.,"Factor 5 GmbH, LucasArts Entertainment Company LLC","Dec 07, 1998",Action,"1st-person, Behind view",,,Shooter,,,0,,"[100.0, 95.0, 89.0, 88.0, 87.0, 85.0, 84.0, 83.0, 80.0, 79.0]",10,87.0
N64,Star Wars: Shadows of the Empire,Nintendo of America Inc.,LucasArts Entertainment Company LLC,"Dec 03, 1996",Action,"3rd-person (Other), Behind view",,,,,"[3.67, 2.86, 2.0, 3.0, 4.5]",5,3.2060000000000004,"[100.0, 93.0, 88.0, 84.0, 80.0, 79.0, 78.0, 78.0, 72.0, 60.0]",10,81.2
N64,Stunt Racer 64,"Midway Home Entertainment, Inc.",Boss Game Studios Inc.,"Oct 01, 2000",Racing / Driving,"1st-person, Behind view",,,,,,0,,"[98.0, 70.0, 50.0]",3,72.66666666666667
N64,SudoQ,BoMbErGaMeS,BoMbErGaMeS,2016,Puzzle,,Fixed / flip-screen,,,,,0,,,0,
N64,Super B-Daman: Battle Phoenix 64,"Hudson Soft Company, Ltd.","Hudson Soft Company, Ltd.","Jul 24, 1998",Action,3rd-person (Other),,,,,,0,,"[32.0, 25.0, 23.0]",3,26.666666666666668
N64,Super Bowling,"UFO Interactive Games, Inc.","Athena Co., Ltd.","Jan 16, 2000",Sports,3rd-person (Other),,,,,,0,,"[67.0, 65.0, 60.0]",3,64.0
N64,Supercross 2000,"Electronic Arts, Inc.","MBL Research, Inc.","Nov, 1999","Racing / Driving, Sports","1st-person, 3rd-person (Other)",,,,,,0,,"[87.0, 87.0, 76.0, 71.0, 66.0, 65.0, 62.0, 60.0, 60.0, 56.0]",10,69.0
N64,Superman,Titus Software Corporation,Titus France SA,"May 29, 1999",Action,Behind view,,,,,"[1.0, 0.25, 0.0, 0.0, 0.0]",5,0.25,"[76.0, 70.0, 60.0, 45.0, 40.0, 21.0, 20.0, 20.0, 20.0, 9.0]",10,38.1
N64,Super Mario 64,Nintendo of America Inc.,Nintendo EAD,"Sep 29, 1996",Action,3rd-person (Other),,,Platform,,"[5.0, 3.83, 5.0, 3.17, 3.83, 4.33, 4.0, 4.67, 4.0]",9,4.203333333333333,"[100.0, 100.0, 100.0, 98.0, 97.0, 95.0, 93.0, 90.0, 83.0, 75.0]",10,93.1
N64,Super Robot Spirits,"Banpresto Co., Ltd.","Banpresoft Co., Ltd., VertexEG","Jul 17, 1998",Action,3rd-person (Other),,,Fighting,,,0,,"[72.0, 70.0, 58.0, 20.0]",4,55.0
N64,Super Robot Taisen 64,"Banpresto Co., Ltd.","Monegi, Inc.","Oct 29, 1999","Role-playing (RPG), Strategy","3rd-person (Other), Top-down",,Anime / Manga,,,,0,,[65.0],1,65.0
N64,Super Smash Bros.,Nintendo of America Inc.,"HAL Laboratory, Inc.","Apr 27, 1999",Action,Side view,2D scrolling,,"Fighting, Platform",,"[4.8, 4.0, 4.4]",3,4.4,"[95.0, 90.0, 85.0, 84.0, 84.0, 83.0, 80.0, 76.0, 75.0, 40.0]",10,79.2
N64,Susume! Taisen Puzzle Dama: Tōkon! Marutama Chō,"Konami Co., Ltd.","Konami Computer Entertainment Kobe, Inc.","Mar 26, 1998",Puzzle,,Fixed / flip-screen,Anime / Manga,Falling block puzzle,,,0,,"[83.0, 75.0]",2,79.0
N64,Taz Express,Infogrames Europe SA,Zed Two Game Design Studio,2000,Action,Diagonal-down,2D scrolling,,"Platform, Puzzle elements",,,0,,"[76.0, 75.0, 60.0, 60.0, 60.0, 53.0, 5.0]",7,55.57142857142857
N64,Tetris 64,SETA Corporation,Amtex,"Nov 13, 1998","Action, Puzzle",Side view,Fixed / flip-screen,,Falling block puzzle,,,0,,"[84.0, 75.0]",2,79.5
N64,Tetrisphere,Nintendo of America Inc.,H2O Entertainment Ltd.,"Aug 11, 1997",Puzzle,,,,Falling block puzzle,,,0,,"[96.0, 95.0, 95.0, 83.0, 82.0, 80.0, 76.0, 76.0, 62.0, 58.0]",10,80.3
N64,Tigger's Honey Hunt,"Buena Vista Games, Inc., NewKidCo, Inc.",Doki Denki SA,"Nov 01, 2000",Action,Side view,,,Platform,,,0,,"[87.0, 79.0, 76.0, 73.0, 70.0, 40.0]",6,70.83333333333333
N64,Tom and Jerry in Fists of Furry,"Mattel Interactive, NewKidCo, Inc.",VIS Entertainment Limited,"Nov 12, 2000",Action,3rd-person (Other),,,"Arcade, Fighting, Platform",,,0,,"[83.0, 68.0, 66.0, 50.0, 48.0]",5,63.0
N64,Tom Clancy's Rainbow Six,"Red Storm Entertainment, Inc.","Saffire, Inc","Nov 17, 1999","Action, Simulation","1st-person, Behind view",,,"Shooter, Tactical shooter",,,0,,"[95.0, 86.0, 85.0, 81.0, 80.0, 78.0, 75.0, 71.0, 60.0, 50.0]",10,76.1
N64,Tonic Trouble,"Ubi Soft Entertainment, Inc.",Ubi Soft Entertainment Software,"Sep 07, 1999",Action,Behind view,,,Platform,,[4.0],1,4.0,"[86.0, 78.0, 77.0, 75.0, 70.0, 69.0, 63.0, 61.0, 60.0, 0.0]",10,63.9
N64,Tony Hawk's Pro Skater,"Activision, Inc.","Neversoft Entertainment, Inc.","Mar 15, 2000",Sports,Behind view,,,Tricks / stunts,,,0,,"[100.0, 100.0, 93.0, 90.0, 90.0, 88.0, 87.0, 83.0, 80.0, 75.0]",10,88.6
N64,Tony Hawk's Pro Skater 2,"Activision Publishing, Inc.","Neversoft Entertainment, Inc.","Aug 22, 2001",Sports,Behind view,,,Tricks / stunts,,[4.25],1,4.25,"[92.0, 90.0, 90.0, 90.0, 89.0, 86.0, 85.0, 85.0, 85.0, 80.0]",10,87.2
N64,Tony Hawk's Pro Skater 3,"Activision Publishing, Inc.","Neversoft Entertainment, Inc.","Aug 20, 2002",Sports,Behind view,,,Tricks / stunts,,,0,,"[90.0, 81.0, 70.0]",3,80.33333333333333
N64,Top Gear Hyper-Bike,Kemco,"Snowblind Studios, Inc.","Mar 27, 2000","Racing / Driving, Sports",Behind view,,,,,,0,,"[83.0, 83.0, 82.0, 75.0, 70.0, 70.0, 61.0, 61.0, 50.0]",9,70.55555555555556
N64,Top Gear: Overdrive,"Kotobuki System Co., Ltd., Vatical Entertainment LLC","Snowblind Studios, Inc.","Nov 23, 1998",Racing / Driving,Behind view,,,,,,0,,"[91.0, 85.0, 80.0, 77.0, 76.0, 75.0, 73.0, 73.0, 70.0, 60.0]",10,76.0
N64,Top Gear Rally,"Kotobuki System Co., Ltd., Midway Home Entertainment, Inc.",Boss Game Studios Inc.,"Oct 01, 1997","Racing / Driving, Sports","1st-person, Behind view",,,,,[4.0],1,4.0,"[92.0, 90.0, 86.0, 84.0, 80.0, 80.0, 80.0, 75.0, 65.0, 60.0]",10,79.2
N64,Top Gear Rally 2,"Kotobuki System Co., Ltd.","Saffire, Inc","Dec 03, 1999","Racing / Driving, Sports",,,,,,,0,,"[82.0, 81.0, 80.0, 76.0, 76.0, 75.0, 70.0, 50.0]",8,73.75
N64,Transformers: Beast Wars Transmetals,"BAM! Entertainment, Inc.","TAKARA Co., Ltd.","Jul 12, 2000",Action,3rd-person (Other),,,"Fighting, Shooter",,,0,,"[65.0, 35.0, 30.0, 25.0, 15.0]",5,34.0
N64,Triple Play 2000,"Electronic Arts, Inc.",Electronic Arts Canada,"Mar 22, 1999",Sports,"1st-person, Behind view",,,,,,0,,"[91.0, 84.0, 78.0, 60.0, 51.0, 50.0, 48.0, 25.0]",8,60.875
N64,True Golf Classics: Waialae Country Club,Nintendo of America Inc.,"T&E Soft, Inc.","Jul, 1998",Sports,3rd-person (Other),,,,,,0,,"[83.0, 75.0, 60.0, 60.0, 55.0, 50.0, 33.0]",7,59.42857142857143
N64,Turok 2: Seeds of Evil,"Acclaim Entertainment, Inc.",Iguana Entertainment Incorporated,"Dec 10, 1998",Action,1st-person,,,Shooter,,"[3.6, 3.0, 5.0, 4.2, 2.6]",5,3.6800000000000006,"[100.0, 95.0, 94.0, 94.0, 92.0, 91.0, 90.0, 87.0, 80.0, 58.0]",10,88.1
N64,Turok 3: Shadow of Oblivion,"Acclaim Entertainment, Inc.",Acclaim Studios Austin,"Aug 31, 2000",Action,1st-person,,,Shooter,,,0,,"[87.0, 85.0, 85.0, 81.0, 80.0, 80.0, 80.0, 79.0, 78.0, 74.0]",10,80.9
N64,Turok: Dinosaur Hunter,"Acclaim Entertainment, Inc.",Iguana Entertainment Incorporated,"Feb 28, 1997",Action,1st-person,,,Shooter,,"[4.75, 3.25, 2.5, 3.5, 4.25]",5,3.65,"[100.0, 100.0, 92.0, 90.0, 90.0, 90.0, 86.0, 81.0, 70.0, 50.0]",10,84.9
N64,Turok: Rage Wars,"Acclaim Entertainment, Inc.",Acclaim Studios Austin,"Nov 23, 1999",Action,1st-person,,,Shooter,,,0,,"[93.0, 86.0, 83.0, 80.0, 80.0, 75.0, 70.0, 70.0, 70.0, 70.0]",10,77.7
N64,Twisted Edge: Extreme Snowboarding,"Kotobuki System Co., Ltd., Midway Home Entertainment, Inc.",Boss Game Studios Inc.,"Nov 10, 1998","Action, Sports","1st-person, 3rd-person (Other)",,,,,,0,,"[80.0, 72.0, 70.0, 70.0, 70.0, 68.0, 66.0, 60.0, 50.0, 42.0]",10,64.8
N64,Ucchan Nanchan no Honō no Challenger: Denryū IraIra Bō,"Hudson Soft Company, Ltd.",Yuke's Co. Ltd.,"Dec 19, 1997",Action,Side view,,,,,,0,,"[100.0, 60.0, 35.0]",3,65.0
N64,Vigilante 8,"Activision, Inc.",Luxoflux Corp.,"Mar 17, 1999",Racing / Driving,"1st-person, Behind view",,,Arcade,,,0,,"[92.0, 90.0, 88.0, 84.0, 83.0, 80.0, 79.0, 78.0, 75.0, 58.0]",10,80.7
N64,Vigilante 8: 2nd Offense,"Activision, Inc.",Luxoflux Corp.,"Dec 28, 1999",Racing / Driving,Behind view,,,"Arcade, Shooter",,[3.8],1,3.8,"[85.0, 79.0, 77.0, 77.0, 75.0, 75.0, 70.0, 70.0, 65.0, 60.0]",10,73.3
N64,Virtual Chess 64,Titus France SA,Titus France SA,"Jun 10, 1998",Strategy,,,,Chess,,,0,,"[86.0, 84.0, 80.0, 80.0, 77.0, 75.0, 70.0, 61.0, 61.0, 20.0]",10,69.4
N64,Virtual Pool 64,"Crave Entertainment, Inc.",Celeris Inc.,"Dec 17, 1998","Simulation, Sports",1st-person,,,,,,0,,"[88.0, 87.0, 86.0, 85.0, 83.0, 80.0, 80.0, 75.0, 74.0, 58.0]",10,79.6
N64,V-Rally: Edition 99,"Infogrames, Inc.",Eden Studios,1999,"Racing / Driving, Simulation","1st-person, Behind view",,,,,[3.8],1,3.8,"[88.0, 85.0, 83.0, 82.0, 80.0, 78.0, 61.0, 60.0, 50.0, 48.0]",10,71.5
N64,War Gods,"Midway Home Entertainment, Inc.",Midway Manufacturing Company,"Apr 30, 1997",Action,3rd-person (Other),,,"Arcade, Fighting",,,0,,"[65.0, 65.0, 59.0, 55.0, 55.0, 52.0, 47.0, 33.0, 32.0, 20.0]",10,48.3
N64,Wave Race 64: Kawasaki Jet Ski,Nintendo of America Inc.,Nintendo EAD,"Nov 05, 1996","Action, Racing / Driving, Sports","1st-person, Behind view",,,,,[3.8],1,3.8,"[100.0, 93.0, 91.0, 90.0, 86.0, 83.0, 80.0, 80.0, 70.0, 58.0]",10,83.1
N64,Wayne Gretzky's 3D Hockey,"Midway Home Entertainment, Inc.",Atari Games Corporation,1996,Sports,Diagonal-down,2D scrolling,,,,,0,,"[100.0, 85.0, 85.0, 85.0, 84.0, 81.0, 75.0, 69.0, 60.0, 25.0]",10,74.9
N64,Wayne Gretzky's 3D Hockey '98,"Midway Home Entertainment, Inc.",Software Creations Ltd.,"Dec, 1997",Sports,3rd-person (Other),,,,,,0,,"[80.0, 80.0, 68.0, 67.0, 65.0, 64.0]",6,70.66666666666667
N64,WCW Backstage Assault,"Electronic Arts, Inc.","Kodiak Interactive Software Studios, Inc.","Dec 12, 2000",Sports,3rd-person (Other),,,,,[2.0],1,2.0,"[60.0, 54.0, 50.0, 40.0, 30.0, 25.0]",6,43.166666666666664
N64,WCW Mayhem,"Electronic Arts, Inc.","Kodiak Interactive Software Studios, Inc.","Sep 22, 1999",Action,3rd-person (Other),,,,,,0,,"[83.0, 83.0, 79.0, 75.0, 75.0, 75.0, 72.0, 70.0, 67.0, 25.0]",10,70.4
N64,WCW Nitro,THQ Inc.,"Inland Productions, Inc.","Feb 10, 1999",Sports,3rd-person (Other),,,Arcade,,,0,,"[53.0, 47.0, 45.0, 42.0, 20.0]",5,41.4
N64,WCW/NWO Revenge,THQ Inc.,AKI Corporation,"Nov 17, 1998",Sports,3rd-person (Other),,,,,[4.2],1,4.2,"[92.0, 85.0, 84.0, 83.0, 80.0, 75.0, 70.0, 70.0, 60.0, 30.0]",10,72.9
N64,WCW vs. NWO: World Tour,THQ Inc.,AKI Corporation,"Nov 16, 1997","Action, Sports",,,,,,,0,,"[90.0, 90.0, 85.0, 80.0, 80.0, 79.0, 75.0, 72.0, 60.0, 57.0]",10,76.8
N64,Wetrix,Ocean Software Ltd.,Zed Two Game Design Studio,"Jun 12, 1998",Puzzle,Diagonal-down,,,Falling block puzzle,,,0,,"[84.0, 83.0, 82.0, 82.0, 81.0, 80.0, 79.0, 79.0, 76.0, 74.0]",10,80.0
N64,Wheel of Fortune,"Take-Two Interactive Software, Inc.","GameTek, Inc.","Nov 28, 1997",Puzzle,,,,"Game show / trivia / quiz, Word construction",,,0,,"[76.0, 70.0, 64.0, 61.0, 23.0, 0.0]",6,49.0
N64,WinBack: Covert Operations,KOEI Corporation,Omega Force,"Sep 30, 1999","Action, Strategy",Behind view,,,Shooter,,[0.83],1,0.83,"[100.0, 95.0, 84.0, 82.0, 75.0, 70.0, 70.0, 60.0, 50.0, 50.0]",10,73.6
N64,WipEout 64,"Midway Home Entertainment, Inc.",Psygnosis Limited,"Nov, 1998","Action, Racing / Driving","1st-person, Behind view",,,,,[3.8],1,3.8,"[93.0, 90.0, 85.0, 84.0, 83.0, 83.0, 80.0, 80.0, 77.0, 67.0]",10,82.2
N64,Wonder Project J2,Enix Corporation,Givro,"Nov 22, 1996",Simulation,Text-based / Spreadsheet,Fixed / flip-screen,Anime / Manga,"Interactive fiction / text adventure, Japanese-style RPG (JRPG), RPG elements",,,0,,"[80.0, 75.0]",2,77.5
N64,World Cup 98,"Electronic Arts, Inc.","Electronic Arts Canada, Software Creations Ltd.","May 18, 1998",Sports,Diagonal-down,2D scrolling,,,,,0,,"[93.0, 89.0, 87.0, 86.0, 85.0, 83.0, 81.0, 81.0, 75.0, 70.0]",10,83.0
N64,World Driver Championship,"Midway Home Entertainment, Inc.",Boss Game Studios Inc.,1999,Racing / Driving,"1st-person, Behind view",,,,,,0,,"[94.0, 93.0, 87.0, 87.0, 87.0, 80.0, 79.0, 70.0, 70.0, 57.0]",10,80.4
N64,Worms: Armageddon,Infogrames North America,"Infogrames Lyon House, Team17 Software Limited","Mar 30, 2000",Strategy,Side view,2D scrolling,,Artillery,,,0,,"[95.0, 87.0, 85.0, 85.0, 82.0, 82.0, 80.0, 76.0, 74.0, 65.0]",10,81.1
N64,WWF Attitude,"Acclaim Entertainment, Inc.",Iguana Entertainment Incorporated,"Aug 31, 1999","Action, Sports",3rd-person (Other),,,,,[1.33],1,1.33,"[95.0, 93.0, 90.0, 87.0, 87.0, 80.0, 60.0, 60.0, 42.0, 30.0]",10,72.4
N64,WWF No Mercy,THQ Inc.,"Asmik Ace Entertainment, Inc., AKI Corporation","Nov 17, 2000",Sports,3rd-person (Other),,,,,[4.25],1,4.25,"[100.0, 95.0, 93.0, 92.0, 85.0, 85.0, 83.0, 80.0, 77.0, 73.0]",10,86.3
N64,WWF War Zone,"Acclaim Entertainment, Inc.",Iguana West,"Aug 11, 1998",Sports,3rd-person (Other),,,,,,0,,"[91.0, 91.0, 90.0, 89.0, 86.0, 85.0, 80.0, 80.0, 73.0, 70.0]",10,83.5
N64,WWF Wrestlemania 2000,THQ Inc.,AKI Corporation,"Nov 17, 1999",Sports,Diagonal-down,,,,,"[4.2, 4.4]",2,4.300000000000001,"[100.0, 90.0, 89.0, 85.0, 84.0, 82.0, 74.0, 71.0, 70.0, 42.0]",10,78.7
N64,Xena: Warrior Princess - The Talisman of Fate,Titus Software Corporation,"Saffire, Inc","Dec 06, 1999",Action,3rd-person (Other),,,"Arcade, Fighting",,[2.5],1,2.5,"[84.0, 80.0, 74.0, 73.0, 72.0, 70.0, 61.0, 55.0, 38.0, 20.0]",10,62.7
N64,Yoshi's Story,Nintendo of America Inc.,"Nintendo Co., Ltd.","Mar 09, 1998",Action,Side view,2D scrolling,,Platform,,,0,,"[95.0, 93.0, 82.0, 80.0, 78.0, 75.0, 75.0, 73.0, 54.0, 50.0]",10,75.5
N64,Zool: Majū Tsukai Densetsu,"Imagineer Co., Ltd.",Pandora Box,"Jun 11, 1999",Role-playing (RPG),"Behind view, Diagonal-down",,Anime / Manga,Japanese-style RPG (JRPG),,,0,,,0,
